comparison_id,mode,repeat,task_id,initial_state_id,candidate_id,rank,selector,is_selected,is_oracle,selected_score,symbolic_success,goal_satisfaction,sim_success,true_score,demo_selector_score,v5_learned_no_simulation_score,v5_learned_full_score,manual_v5_score,physical_feasibility_score,symbolic_reliability_score,tree_size,tree_depth
hard_physical_place_block3_on_block5__state_000_t0__r00,single,0,hard_physical_place_block3_on_block5,state_000_t0,stable_center_simple,1,v5_learned_no_simulation,1,0,0.5,1.0,1.0,,55.0,0.5,,,,1.0,71.9,8.0,3.0
hard_physical_place_block3_on_block5__state_000_t0__r00,multi,0,hard_physical_place_block3_on_block5,state_000_t0,stable_center_direct,1,v5_learned_no_simulation,1,1,1.0,1.0,1.0,1.0,155.033042,1.0,,,,1.0,72.9,6.0,3.0
hard_physical_place_block3_on_block5__state_000_t0__r00,multi,0,hard_physical_place_block3_on_block5,state_000_t0,edge_offset_risky,2,v5_learned_no_simulation,0,0,0.687157,1.0,1.0,,56.0,0.687157,,,,0.55,72.9,6.0,3.0
hard_physical_place_block3_on_block5__state_000_t0__r00,multi,0,hard_physical_place_block3_on_block5,state_000_t0,redundant_recheck,3,v5_learned_no_simulation,0,0,0.21115,1.0,1.0,,54.0,0.21115,,,,1.0,70.6,10.0,4.0
hard_physical_place_block3_on_block5__state_000_t0__r00,multi,0,hard_physical_place_block3_on_block5,state_000_t0,weak_precondition_direct,4,v5_learned_no_simulation,0,0,0.0,1.0,1.0,,46.5,0.0,,,,1.0,65.9,5.0,3.0
hard_physical_place_block1_on_block5__state_000_t0__r00,single,0,hard_physical_place_block1_on_block5,state_000_t0,stable_direct,1,v5_learned_no_simulation,1,0,0.5,1.0,1.0,,55.5,0.5,,,,1.0,72.4,7.0,3.0
hard_physical_place_block1_on_block5__state_000_t0__r00,multi,0,hard_physical_place_block1_on_block5,state_000_t0,stable_direct,1,v5_learned_no_simulation,1,0,1.0,1.0,1.0,,66.0,1.0,,,,1.0,80.4,6.0,3.0
hard_physical_place_block1_on_block5__state_000_t0__r00,multi,0,hard_physical_place_block1_on_block5,state_000_t0,risky_edge_place,2,v5_learned_no_simulation,0,0,0.687157,1.0,1.0,,66.0,0.687157,,,,0.55,80.4,6.0,3.0
hard_physical_place_block1_on_block5__state_000_t0__r00,multi,0,hard_physical_place_block1_on_block5,state_000_t0,redundant_retry,3,v5_learned_no_simulation,0,0,0.41811,1.0,1.0,,65.0,0.41811,,,,1.0,79.1,8.0,4.0
hard_physical_place_block1_on_block5__state_000_t0__r00,multi,0,hard_physical_place_block1_on_block5,state_000_t0,weak_precondition,4,v5_learned_no_simulation,0,0,0.0,1.0,1.0,,56.5,0.0,,,,1.0,73.4,5.0,3.0
hard_physical_place_block3_on_block5__state_001_t1__r00,single,0,hard_physical_place_block3_on_block5,state_000_t1,stable_center_direct,1,v5_learned_no_simulation,1,0,0.5,1.0,1.0,,55.5,0.5,,,,1.0,72.4,7.0,3.0
hard_physical_place_block3_on_block5__state_001_t1__r00,multi,0,hard_physical_place_block3_on_block5,state_000_t1,stable_center_direct,1,v5_learned_no_simulation,1,0,1.0,1.0,1.0,,56.0,1.0,,,,1.0,72.9,6.0,3.0
hard_physical_place_block3_on_block5__state_001_t1__r00,multi,0,hard_physical_place_block3_on_block5,state_000_t1,risky_edge_biased,2,v5_learned_no_simulation,0,0,0.687157,1.0,1.0,,56.0,0.687157,,,,0.55,72.9,6.0,3.0
hard_physical_place_block3_on_block5__state_001_t1__r00,multi,0,hard_physical_place_block3_on_block5,state_000_t1,redundant_double_check,3,v5_learned_no_simulation,0,0,0.480198,1.0,1.0,,55.0,0.480198,,,,1.0,71.9,8.0,3.0
hard_physical_place_block3_on_block5__state_001_t1__r00,multi,0,hard_physical_place_block3_on_block5,state_000_t1,weak_precondition_direct,4,v5_learned_no_simulation,0,0,0.0,1.0,1.0,,46.5,0.0,,,,1.0,65.9,5.0,3.0
hard_physical_place_block1_on_block5__state_001_t1__r00,single,0,hard_physical_place_block1_on_block5,state_000_t1,stable_direct,1,v5_learned_no_simulation,1,0,0.5,1.0,1.0,,55.5,0.5,,,,1.0,72.4,7.0,3.0
hard_physical_place_block1_on_block5__state_001_t1__r00,multi,0,hard_physical_place_block1_on_block5,state_000_t1,stable_direct,1,v5_learned_no_simulation,1,0,1.0,0.0,0.0,0.0,-24.5,1.0,,,,1.0,2.4,7.0,3.0
hard_physical_place_block1_on_block5__state_001_t1__r00,multi,0,hard_physical_place_block1_on_block5,state_000_t1,redundant_recheck,2,v5_learned_no_simulation,0,0,0.798297,0.0,0.0,0.0,-26.5,0.798297,,,,1.0,0.4,11.0,3.0
hard_physical_place_block1_on_block5__state_001_t1__r00,multi,0,hard_physical_place_block1_on_block5,state_000_t1,risky_edge_offset,3,v5_learned_no_simulation,0,0,0.782284,0.0,0.0,0.0,-24.5,0.782284,,,,0.55,2.4,7.0,3.0
hard_physical_place_block1_on_block5__state_001_t1__r00,multi,0,hard_physical_place_block1_on_block5,state_000_t1,weak_precondition,4,v5_learned_no_simulation,0,0,0.0,0.0,0.0,0.0,-34.0,0.0,,,,1.0,-4.6,6.0,3.0
hard_physical_place_block3_on_block5__state_002_t2__r00,single,0,hard_physical_place_block3_on_block5,state_000_t2,stable_direct,1,v5_learned_no_simulation,1,0,0.5,1.0,1.0,,55.0,0.5,,,,1.0,71.9,8.0,3.0
hard_physical_place_block3_on_block5__state_002_t2__r00,multi,0,hard_physical_place_block3_on_block5,state_000_t2,missing_precondition,1,v5_learned_no_simulation,1,0,1.0,1.0,1.0,,55.5,1.0,,,,1.0,72.4,7.0,3.0
hard_physical_place_block3_on_block5__state_002_t2__r00,multi,0,hard_physical_place_block3_on_block5,state_000_t2,stable_centered,2,v5_learned_no_simulation,0,0,0.382785,1.0,1.0,,55.0,0.382785,,,,1.0,71.9,8.0,3.0
hard_physical_place_block3_on_block5__state_002_t2__r00,multi,0,hard_physical_place_block3_on_block5,state_000_t2,edge_offset_risky,3,v5_learned_no_simulation,0,0,0.382785,1.0,1.0,,55.0,0.382785,,,,1.0,71.9,8.0,3.0
hard_physical_place_block3_on_block5__state_002_t2__r00,multi,0,hard_physical_place_block3_on_block5,state_000_t2,redundant_double_check,4,v5_learned_no_simulation,0,0,0.0,1.0,1.0,,54.0,0.0,,,,1.0,70.9,10.0,3.0
hard_physical_place_block1_on_block5__state_002_t2__r00,single,0,hard_physical_place_block1_on_block5,state_000_t2,stable_direct,1,v5_learned_no_simulation,1,0,0.5,1.0,1.0,0.0,56.0,0.5,,,,1.0,72.9,6.0,3.0
hard_physical_place_block1_on_block5__state_002_t2__r00,multi,0,hard_physical_place_block1_on_block5,state_000_t2,stable_direct,1,v5_learned_no_simulation,1,0,1.0,1.0,1.0,,55.0,1.0,,,,1.0,71.9,8.0,3.0
hard_physical_place_block1_on_block5__state_002_t2__r00,multi,0,hard_physical_place_block1_on_block5,state_000_t2,redundant_double_check,2,v5_learned_no_simulation,0,0,0.842431,1.0,1.0,,54.0,0.842431,,,,1.0,70.9,10.0,3.0
hard_physical_place_block1_on_block5__state_002_t2__r00,multi,0,hard_physical_place_block1_on_block5,state_000_t2,risky_edge_offset,3,v5_learned_no_simulation,0,0,0.761721,1.0,1.0,,55.0,0.761721,,,,0.55,71.9,8.0,3.0
hard_physical_place_block1_on_block5__state_002_t2__r00,multi,0,hard_physical_place_block1_on_block5,state_000_t2,weak_precondition,4,v5_learned_no_simulation,0,0,0.0,1.0,1.0,,45.5,0.0,,,,1.0,64.9,7.0,3.0
hard_physical_place_block3_on_block5__state_003_t3__r00,single,0,hard_physical_place_block3_on_block5,state_000_t3,stable_center_safe,1,v5_learned_no_simulation,1,0,0.5,1.0,1.0,,56.0,0.5,,,,1.0,72.9,6.0,3.0
hard_physical_place_block3_on_block5__state_003_t3__r00,multi,0,hard_physical_place_block3_on_block5,state_000_t3,physically_stable,1,v5_learned_no_simulation,1,0,1.0,1.0,1.0,,55.5,1.0,,,,1.0,72.4,7.0,3.0
hard_physical_place_block3_on_block5__state_003_t3__r00,multi,0,hard_physical_place_block3_on_block5,state_000_t3,risky_edge_place,2,v5_learned_no_simulation,0,0,0.687157,1.0,1.0,,55.5,0.687157,,,,0.55,72.4,7.0,3.0
hard_physical_place_block3_on_block5__state_003_t3__r00,multi,0,hard_physical_place_block3_on_block5,state_000_t3,redundant_recheck,3,v5_learned_no_simulation,0,0,0.583677,1.0,1.0,,55.0,0.583677,,,,1.0,71.9,8.0,3.0
hard_physical_place_block3_on_block5__state_003_t3__r00,multi,0,hard_physical_place_block3_on_block5,state_000_t3,weak_precondition,4,v5_learned_no_simulation,0,0,0.0,1.0,1.0,,46.0,0.0,,,,1.0,65.4,6.0,3.0
hard_physical_place_block1_on_block5__state_003_t3__r00,single,0,hard_physical_place_block1_on_block5,state_000_t3,stable_direct_place,1,v5_learned_no_simulation,1,0,0.5,1.0,1.0,0.0,43.0,0.5,,,,1.0,62.1,12.0,4.0
hard_physical_place_block1_on_block5__state_003_t3__r00,multi,0,hard_physical_place_block1_on_block5,state_000_t3,risky_edge_place,1,v5_learned_no_simulation,1,0,1.0,1.0,1.0,,56.0,1.0,,,,0.55,72.9,6.0,3.0
hard_physical_place_block1_on_block5__state_003_t3__r00,multi,0,hard_physical_place_block1_on_block5,state_000_t3,stable_direct_place,2,v5_learned_no_simulation,0,0,0.999937,1.0,1.0,,56.0,0.999937,,,,1.0,72.9,6.0,3.0
hard_physical_place_block1_on_block5__state_003_t3__r00,multi,0,hard_physical_place_block1_on_block5,state_000_t3,redundant_recheck_place,3,v5_learned_no_simulation,0,0,0.60405,1.0,1.0,,55.0,0.60405,,,,1.0,71.9,8.0,3.0
hard_physical_place_block1_on_block5__state_003_t3__r00,multi,0,hard_physical_place_block1_on_block5,state_000_t3,missing_precondition_place,4,v5_learned_no_simulation,0,0,0.0,1.0,1.0,,46.5,0.0,,,,1.0,65.9,5.0,3.0
hard_physical_place_block3_on_block5__state_004_t4__r00,single,0,hard_physical_place_block3_on_block5,state_000_t4,stable_direct,1,v5_learned_no_simulation,1,0,0.5,1.0,1.0,,56.0,0.5,,,,1.0,72.9,6.0,3.0
hard_physical_place_block3_on_block5__state_004_t4__r00,multi,0,hard_physical_place_block3_on_block5,state_000_t4,stable_center_direct,1,v5_learned_no_simulation,1,0,1.0,1.0,1.0,,46.0,1.0,,,,1.0,65.4,6.0,3.0
hard_physical_place_block3_on_block5__state_004_t4__r00,multi,0,hard_physical_place_block3_on_block5,state_000_t4,risky_edge_offset,2,v5_learned_no_simulation,0,0,0.84443,1.0,1.0,,46.0,0.84443,,,,0.55,65.4,6.0,3.0
hard_physical_place_block3_on_block5__state_004_t4__r00,multi,0,hard_physical_place_block3_on_block5,state_000_t4,weak_precondition,3,v5_learned_no_simulation,0,0,0.753872,1.0,1.0,,46.0,0.753872,,,,1.0,65.4,6.0,3.0
hard_physical_place_block3_on_block5__state_004_t4__r00,multi,0,hard_physical_place_block3_on_block5,state_000_t4,redundant_double_check,4,v5_learned_no_simulation,0,0,0.0,1.0,1.0,,45.0,0.0,,,,1.0,64.4,8.0,3.0
hard_physical_place_block1_on_block5__state_004_t4__r00,single,0,hard_physical_place_block1_on_block5,state_000_t4,stable_center_direct,1,v5_learned_no_simulation,1,0,0.5,1.0,1.0,,55.5,0.5,,,,1.0,72.4,7.0,3.0
hard_physical_place_block1_on_block5__state_004_t4__r00,multi,0,hard_physical_place_block1_on_block5,state_000_t4,weak_precondition,1,v5_learned_no_simulation,1,0,1.0,1.0,1.0,,56.0,1.0,,,,1.0,72.9,6.0,3.0
hard_physical_place_block1_on_block5__state_004_t4__r00,multi,0,hard_physical_place_block1_on_block5,state_000_t4,stable_center_direct,2,v5_learned_no_simulation,0,0,0.382785,1.0,1.0,,55.5,0.382785,,,,1.0,72.4,7.0,3.0
hard_physical_place_block1_on_block5__state_004_t4__r00,multi,0,hard_physical_place_block1_on_block5,state_000_t4,risky_edge_place,3,v5_learned_no_simulation,0,0,0.382785,1.0,1.0,,55.5,0.382785,,,,0.55,72.4,7.0,3.0
hard_physical_place_block1_on_block5__state_004_t4__r00,multi,0,hard_physical_place_block1_on_block5,state_000_t4,redundant_recheck,4,v5_learned_no_simulation,0,0,0.0,1.0,1.0,,54.5,0.0,,,,1.0,71.4,9.0,3.0
hard_physical_place_block3_on_block5__state_000_t0__r01,single,1,hard_physical_place_block3_on_block5,state_000_t0,stable_direct,1,v5_learned_no_simulation,1,0,0.5,1.0,1.0,,55.5,0.5,,,,1.0,72.4,7.0,3.0
hard_physical_place_block3_on_block5__state_000_t0__r01,multi,1,hard_physical_place_block3_on_block5,state_000_t0,stable_center,1,v5_learned_no_simulation,1,0,1.0,1.0,1.0,,56.0,1.0,,,,1.0,72.9,6.0,3.0
hard_physical_place_block3_on_block5__state_000_t0__r01,multi,1,hard_physical_place_block3_on_block5,state_000_t0,edge_risky,2,v5_learned_no_simulation,0,0,0.687157,1.0,1.0,,56.0,0.687157,,,,0.55,72.9,6.0,3.0
hard_physical_place_block3_on_block5__state_000_t0__r01,multi,1,hard_physical_place_block3_on_block5,state_000_t0,redundant_retry,3,v5_learned_no_simulation,0,0,0.583677,1.0,1.0,,55.5,0.583677,,,,1.0,72.4,7.0,3.0
hard_physical_place_block3_on_block5__state_000_t0__r01,multi,1,hard_physical_place_block3_on_block5,state_000_t0,weak_precondition,4,v5_learned_no_simulation,0,1,0.0,1.0,1.0,1.0,145.468828,0.0,,,,1.0,65.9,5.0,3.0
hard_physical_place_block1_on_block5__state_000_t0__r01,single,1,hard_physical_place_block1_on_block5,state_000_t0,stable_center_on_block5,1,v5_learned_no_simulation,1,0,0.5,1.0,1.0,,44.5,0.5,,,,1.0,63.6,9.0,4.0
hard_physical_place_block1_on_block5__state_000_t0__r01,multi,1,hard_physical_place_block1_on_block5,state_000_t0,risky_edge_place,1,v5_learned_no_simulation,1,0,1.0,1.0,1.0,,65.0,1.0,,,,0.55,79.4,8.0,3.0
hard_physical_place_block1_on_block5__state_000_t0__r01,multi,1,hard_physical_place_block1_on_block5,state_000_t0,stable_direct,2,v5_learned_no_simulation,0,0,0.999937,1.0,1.0,,65.0,0.999937,,,,1.0,79.4,8.0,3.0
hard_physical_place_block1_on_block5__state_000_t0__r01,multi,1,hard_physical_place_block1_on_block5,state_000_t0,redundant_multi_check,3,v5_learned_no_simulation,0,0,0.556764,1.0,1.0,,64.0,0.556764,,,,1.0,78.1,10.0,4.0
hard_physical_place_block1_on_block5__state_000_t0__r01,multi,1,hard_physical_place_block1_on_block5,state_000_t0,weak_precondition,4,v5_learned_no_simulation,0,0,0.0,1.0,1.0,,55.5,0.0,,,,1.0,72.4,7.0,3.0
hard_physical_place_block3_on_block5__state_001_t1__r01,single,1,hard_physical_place_block3_on_block5,state_000_t1,stable_center_plan,1,v5_learned_no_simulation,1,0,0.5,1.0,1.0,,55.5,0.5,,,,1.0,72.4,7.0,3.0
hard_physical_place_block3_on_block5__state_001_t1__r01,multi,1,hard_physical_place_block3_on_block5,state_000_t1,edge_risky,1,v5_learned_no_simulation,1,0,1.0,1.0,1.0,,55.5,1.0,,,,0.55,72.4,7.0,3.0
hard_physical_place_block3_on_block5__state_001_t1__r01,multi,1,hard_physical_place_block3_on_block5,state_000_t1,stable_centered,2,v5_learned_no_simulation,0,0,0.999937,1.0,1.0,,55.5,0.999937,,,,1.0,72.4,7.0,3.0
hard_physical_place_block3_on_block5__state_001_t1__r01,multi,1,hard_physical_place_block3_on_block5,state_000_t1,redundant_checking,3,v5_learned_no_simulation,0,0,0.60405,1.0,1.0,,54.5,0.60405,,,,1.0,71.4,9.0,3.0
hard_physical_place_block3_on_block5__state_001_t1__r01,multi,1,hard_physical_place_block3_on_block5,state_000_t1,weak_precondition,4,v5_learned_no_simulation,0,0,0.0,1.0,1.0,,46.0,0.0,,,,1.0,65.4,6.0,3.0
hard_physical_place_block1_on_block5__state_001_t1__r01,single,1,hard_physical_place_block1_on_block5,state_000_t1,stable_direct,1,v5_learned_no_simulation,1,0,0.5,0.0,0.0,0.0,-25.0,0.5,,,,1.0,1.9,8.0,3.0
hard_physical_place_block1_on_block5__state_001_t1__r01,multi,1,hard_physical_place_block1_on_block5,state_000_t1,stable_direct,1,v5_learned_no_simulation,1,0,1.0,1.0,1.0,,56.0,1.0,,,,1.0,72.9,6.0,3.0
hard_physical_place_block1_on_block5__state_001_t1__r01,multi,1,hard_physical_place_block1_on_block5,state_000_t1,risky_edge,2,v5_learned_no_simulation,0,0,0.687157,1.0,1.0,,56.0,0.687157,,,,0.55,72.9,6.0,3.0
hard_physical_place_block1_on_block5__state_001_t1__r01,multi,1,hard_physical_place_block1_on_block5,state_000_t1,redundant_guarded,3,v5_learned_no_simulation,0,0,0.376717,1.0,1.0,,54.5,0.376717,,,,1.0,71.4,9.0,3.0
hard_physical_place_block1_on_block5__state_001_t1__r01,multi,1,hard_physical_place_block1_on_block5,state_000_t1,weak_precondition,4,v5_learned_no_simulation,0,0,0.0,1.0,1.0,,46.5,0.0,,,,0.65,65.9,5.0,3.0
hard_physical_place_block3_on_block5__state_002_t2__r01,single,1,hard_physical_place_block3_on_block5,state_000_t2,stable_center_direct,1,v5_learned_no_simulation,1,0,0.5,0.0,0.0,0.0,-24.5,0.5,,,,1.0,2.4,7.0,3.0
hard_physical_place_block3_on_block5__state_002_t2__r01,multi,1,hard_physical_place_block3_on_block5,state_000_t2,physically_risky,1,v5_learned_no_simulation,1,0,1.0,1.0,1.0,,55.5,1.0,,,,0.55,72.4,7.0,3.0
hard_physical_place_block3_on_block5__state_002_t2__r01,multi,1,hard_physical_place_block3_on_block5,state_000_t2,physically_stable,2,v5_learned_no_simulation,0,0,0.583677,1.0,1.0,,55.0,0.583677,,,,1.0,71.9,8.0,3.0
hard_physical_place_block3_on_block5__state_002_t2__r01,multi,1,hard_physical_place_block3_on_block5,state_000_t2,redundant,3,v5_learned_no_simulation,0,0,0.376717,1.0,1.0,,54.0,0.376717,,,,1.0,70.9,10.0,3.0
hard_physical_place_block3_on_block5__state_002_t2__r01,multi,1,hard_physical_place_block3_on_block5,state_000_t2,weak_precondition,4,v5_learned_no_simulation,0,0,0.0,1.0,1.0,,46.0,0.0,,,,0.65,65.4,6.0,3.0
hard_physical_place_block1_on_block5__state_002_t2__r01,single,1,hard_physical_place_block1_on_block5,state_000_t2,physically_stable_direct,1,v5_learned_no_simulation,1,0,0.5,1.0,1.0,,55.0,0.5,,,,1.0,71.9,8.0,3.0
hard_physical_place_block1_on_block5__state_002_t2__r01,multi,1,hard_physical_place_block1_on_block5,state_000_t2,risky_edge_place,1,v5_learned_no_simulation,1,0,1.0,1.0,1.0,,54.0,1.0,,,,0.55,71.4,8.0,3.0
hard_physical_place_block1_on_block5__state_002_t2__r01,multi,1,hard_physical_place_block1_on_block5,state_000_t2,stable_direct_place,2,v5_learned_no_simulation,0,0,0.999937,1.0,1.0,,54.0,0.999937,,,,1.0,71.4,8.0,3.0
hard_physical_place_block1_on_block5__state_002_t2__r01,multi,1,hard_physical_place_block1_on_block5,state_000_t2,redundant_double_check_place,3,v5_learned_no_simulation,0,0,0.682861,1.0,1.0,,53.5,0.682861,,,,1.0,70.9,9.0,3.0
hard_physical_place_block1_on_block5__state_002_t2__r01,multi,1,hard_physical_place_block1_on_block5,state_000_t2,weak_precondition_place,4,v5_learned_no_simulation,0,0,0.0,1.0,1.0,,44.5,0.0,,,,1.0,64.4,7.0,3.0
hard_physical_place_block3_on_block5__state_003_t3__r01,single,1,hard_physical_place_block3_on_block5,state_000_t3,stable_center_direct,1,v5_learned_no_simulation,1,0,0.5,1.0,1.0,,55.5,0.5,,,,1.0,72.4,7.0,3.0
hard_physical_place_block3_on_block5__state_003_t3__r01,multi,1,hard_physical_place_block3_on_block5,state_000_t3,weak_precondition_skip,1,v5_learned_no_simulation,1,0,1.0,1.0,1.0,,44.5,1.0,,,,1.0,63.6,9.0,4.0
hard_physical_place_block3_on_block5__state_003_t3__r01,multi,1,hard_physical_place_block3_on_block5,state_000_t3,stable_center_direct,2,v5_learned_no_simulation,0,0,0.492593,1.0,1.0,,44.0,0.492593,,,,1.0,63.1,10.0,4.0
hard_physical_place_block3_on_block5__state_003_t3__r01,multi,1,hard_physical_place_block3_on_block5,state_000_t3,edge_offset_risky,3,v5_learned_no_simulation,0,0,0.492593,1.0,1.0,,44.0,0.492593,,,,0.55,63.1,10.0,4.0
hard_physical_place_block3_on_block5__state_003_t3__r01,multi,1,hard_physical_place_block3_on_block5,state_000_t3,redundant_two_stage,4,v5_learned_no_simulation,0,0,0.0,1.0,1.0,,41.5,0.0,,,,1.0,60.0,15.0,6.0
hard_physical_place_block1_on_block5__state_003_t3__r01,single,1,hard_physical_place_block1_on_block5,state_000_t3,stable_direct,1,v5_learned_no_simulation,1,0,0.5,1.0,1.0,,55.5,0.5,,,,1.0,72.4,7.0,3.0
hard_physical_place_block1_on_block5__state_003_t3__r01,multi,1,hard_physical_place_block1_on_block5,state_000_t3,physically_stable_centered,1,v5_learned_no_simulation,1,0,1.0,1.0,1.0,,55.5,1.0,,,,1.0,72.4,7.0,3.0
hard_physical_place_block1_on_block5__state_003_t3__r01,multi,1,hard_physical_place_block1_on_block5,state_000_t3,redundant_recheck_sequence,2,v5_learned_no_simulation,0,0,0.763614,1.0,1.0,,54.0,0.763614,,,,1.0,70.9,10.0,3.0
hard_physical_place_block1_on_block5__state_003_t3__r01,multi,1,hard_physical_place_block1_on_block5,state_000_t3,symbolically_plausible_risky_edge,3,v5_learned_no_simulation,0,0,0.761721,1.0,1.0,,55.5,0.761721,,,,0.55,72.4,7.0,3.0
hard_physical_place_block1_on_block5__state_003_t3__r01,multi,1,hard_physical_place_block1_on_block5,state_000_t3,missing_precondition_light,4,v5_learned_no_simulation,0,0,0.0,1.0,1.0,,46.0,0.0,,,,1.0,65.4,6.0,3.0
hard_physical_place_block3_on_block5__state_004_t4__r01,single,1,hard_physical_place_block3_on_block5,state_000_t4,stable_centered,1,v5_learned_no_simulation,1,0,0.5,1.0,1.0,,55.0,0.5,,,,1.0,71.9,8.0,3.0
hard_physical_place_block3_on_block5__state_004_t4__r01,multi,1,hard_physical_place_block3_on_block5,state_000_t4,edge_offset_risky,1,v5_learned_no_simulation,1,0,1.0,1.0,1.0,,65.5,1.0,,,,0.55,79.9,7.0,3.0
hard_physical_place_block3_on_block5__state_004_t4__r01,multi,1,hard_physical_place_block3_on_block5,state_000_t4,stable_center_direct,2,v5_learned_no_simulation,0,0,0.999937,1.0,1.0,,65.5,0.999937,,,,1.0,79.9,7.0,3.0
hard_physical_place_block3_on_block5__state_004_t4__r01,multi,1,hard_physical_place_block3_on_block5,state_000_t4,redundant_double_check,3,v5_learned_no_simulation,0,0,0.446428,1.0,1.0,,63.5,0.446428,,,,1.0,77.9,11.0,3.0
hard_physical_place_block3_on_block5__state_004_t4__r01,multi,1,hard_physical_place_block3_on_block5,state_000_t4,weak_precondition,4,v5_learned_no_simulation,0,0,0.0,1.0,1.0,,56.0,0.0,,,,1.0,72.9,6.0,3.0
hard_physical_place_block1_on_block5__state_004_t4__r01,single,1,hard_physical_place_block1_on_block5,state_000_t4,stable_direct,1,v5_learned_no_simulation,1,0,0.5,1.0,1.0,,55.5,0.5,,,,1.0,72.4,7.0,3.0
hard_physical_place_block1_on_block5__state_004_t4__r01,multi,1,hard_physical_place_block1_on_block5,state_000_t4,edge_offset_risky,1,v5_learned_no_simulation,1,0,1.0,1.0,1.0,,65.5,1.0,,,,0.55,79.9,7.0,3.0
hard_physical_place_block1_on_block5__state_004_t4__r01,multi,1,hard_physical_place_block1_on_block5,state_000_t4,stable_center_direct,2,v5_learned_no_simulation,0,0,0.999937,1.0,1.0,,65.5,0.999937,,,,1.0,79.9,7.0,3.0
hard_physical_place_block1_on_block5__state_004_t4__r01,multi,1,hard_physical_place_block1_on_block5,state_000_t4,redundant_recheck,3,v5_learned_no_simulation,0,0,0.525239,1.0,1.0,,64.0,0.525239,,,,1.0,78.4,10.0,3.0
hard_physical_place_block1_on_block5__state_004_t4__r01,multi,1,hard_physical_place_block1_on_block5,state_000_t4,weak_precheck,4,v5_learned_no_simulation,0,0,0.0,1.0,1.0,,56.0,0.0,,,,1.0,72.9,6.0,3.0
hard_physical_place_block3_on_block5__state_000_t0__r02,single,2,hard_physical_place_block3_on_block5,state_000_t0,stable_direct,1,v5_learned_no_simulation,1,0,0.5,1.0,1.0,,55.5,0.5,,,,1.0,72.4,7.0,3.0
hard_physical_place_block3_on_block5__state_000_t0__r02,multi,2,hard_physical_place_block3_on_block5,state_000_t0,stable_center_direct,1,v5_learned_no_simulation,1,0,1.0,0.0,0.0,0.0,-26.0,1.0,,,,1.0,1.4,8.0,3.0
hard_physical_place_block3_on_block5__state_000_t0__r02,multi,2,hard_physical_place_block3_on_block5,state_000_t0,redundant_double_check,2,v5_learned_no_simulation,0,0,0.942326,0.0,0.0,0.0,-27.0,0.942326,,,,1.0,0.4,10.0,3.0
hard_physical_place_block3_on_block5__state_000_t0__r02,multi,2,hard_physical_place_block3_on_block5,state_000_t0,edge_offset_risky,3,v5_learned_no_simulation,0,0,0.782284,0.0,0.0,0.0,-26.0,0.782284,,,,0.55,1.4,8.0,3.0
hard_physical_place_block3_on_block5__state_000_t0__r02,multi,2,hard_physical_place_block3_on_block5,state_000_t0,missing_supportability_check,4,v5_learned_no_simulation,0,0,0.0,0.0,0.0,0.0,-35.5,0.0,,,,1.0,-5.6,7.0,3.0
hard_physical_place_block1_on_block5__state_000_t0__r02,single,2,hard_physical_place_block1_on_block5,state_000_t0,stable_center_direct,1,v5_learned_no_simulation,1,0,0.5,1.0,1.0,,56.0,0.5,,,,1.0,72.9,6.0,3.0
hard_physical_place_block1_on_block5__state_000_t0__r02,multi,2,hard_physical_place_block1_on_block5,state_000_t0,stable_center_direct,1,v5_learned_no_simulation,1,0,1.0,1.0,1.0,,56.0,1.0,,,,1.0,72.9,6.0,3.0
hard_physical_place_block1_on_block5__state_000_t0__r02,multi,2,hard_physical_place_block1_on_block5,state_000_t0,edge_offset_risky,2,v5_learned_no_simulation,0,0,0.687157,1.0,1.0,,56.0,0.687157,,,,0.55,72.9,6.0,3.0
hard_physical_place_block1_on_block5__state_000_t0__r02,multi,2,hard_physical_place_block1_on_block5,state_000_t0,redundant_recheck,3,v5_learned_no_simulation,0,0,0.480198,1.0,1.0,,55.0,0.480198,,,,1.0,71.9,8.0,3.0
hard_physical_place_block1_on_block5__state_000_t0__r02,multi,2,hard_physical_place_block1_on_block5,state_000_t0,weak_precondition_variant,4,v5_learned_no_simulation,0,0,0.0,1.0,1.0,,46.5,0.0,,,,1.0,65.9,5.0,3.0
hard_physical_place_block3_on_block5__state_001_t1__r02,single,2,hard_physical_place_block3_on_block5,state_000_t1,stable_centered,1,v5_learned_no_simulation,1,0,0.5,1.0,1.0,,55.5,0.5,,,,1.0,72.4,7.0,3.0
hard_physical_place_block3_on_block5__state_001_t1__r02,multi,2,hard_physical_place_block3_on_block5,state_000_t1,risky_edge_offset,1,v5_learned_no_simulation,1,0,1.0,1.0,1.0,,55.5,1.0,,,,0.55,72.4,7.0,3.0
hard_physical_place_block3_on_block5__state_001_t1__r02,multi,2,hard_physical_place_block3_on_block5,state_000_t1,stable_center_direct,2,v5_learned_no_simulation,0,0,0.999937,1.0,1.0,,55.5,0.999937,,,,1.0,72.4,7.0,3.0
hard_physical_place_block3_on_block5__state_001_t1__r02,multi,2,hard_physical_place_block3_on_block5,state_000_t1,redundant_checks,3,v5_learned_no_simulation,0,0,0.525239,1.0,1.0,,54.0,0.525239,,,,1.0,70.9,10.0,3.0
hard_physical_place_block3_on_block5__state_001_t1__r02,multi,2,hard_physical_place_block3_on_block5,state_000_t1,weak_precondition,4,v5_learned_no_simulation,0,0,0.0,1.0,1.0,,46.0,0.0,,,,1.0,65.4,6.0,3.0
hard_physical_place_block1_on_block5__state_001_t1__r02,single,2,hard_physical_place_block1_on_block5,state_000_t1,stable_center_plan,1,v5_learned_no_simulation,1,0,0.5,1.0,1.0,,55.5,0.5,,,,1.0,72.4,7.0,3.0
hard_physical_place_block1_on_block5__state_001_t1__r02,multi,2,hard_physical_place_block1_on_block5,state_000_t1,stable_center_plan,1,v5_learned_no_simulation,1,0,1.0,1.0,1.0,,55.0,1.0,,,,1.0,71.9,8.0,3.0
hard_physical_place_block1_on_block5__state_001_t1__r02,multi,2,hard_physical_place_block1_on_block5,state_000_t1,redundant_double_check_plan,2,v5_learned_no_simulation,0,0,0.763614,1.0,1.0,,53.5,0.763614,,,,1.0,70.4,11.0,3.0
hard_physical_place_block1_on_block5__state_001_t1__r02,multi,2,hard_physical_place_block1_on_block5,state_000_t1,risky_edge_plan,3,v5_learned_no_simulation,0,0,0.761721,1.0,1.0,,55.0,0.761721,,,,0.55,71.9,8.0,3.0
hard_physical_place_block1_on_block5__state_001_t1__r02,multi,2,hard_physical_place_block1_on_block5,state_000_t1,weak_precondition_plan,4,v5_learned_no_simulation,0,0,0.0,1.0,1.0,,45.5,0.0,,,,1.0,64.9,7.0,3.0
hard_physical_place_block3_on_block5__state_002_t2__r02,single,2,hard_physical_place_block3_on_block5,state_000_t2,stable_center_direct,1,v5_learned_no_simulation,1,0,0.5,1.0,1.0,,55.5,0.5,,,,1.0,72.4,7.0,3.0
hard_physical_place_block3_on_block5__state_002_t2__r02,multi,2,hard_physical_place_block3_on_block5,state_000_t2,stable_center_stack,1,v5_learned_no_simulation,1,0,1.0,1.0,1.0,,55.5,1.0,,,,1.0,72.4,7.0,3.0
hard_physical_place_block3_on_block5__state_002_t2__r02,multi,2,hard_physical_place_block3_on_block5,state_000_t2,edge_offset_risky,2,v5_learned_no_simulation,0,0,0.687157,1.0,1.0,,55.5,0.687157,,,,0.55,72.4,7.0,3.0
hard_physical_place_block3_on_block5__state_002_t2__r02,multi,2,hard_physical_place_block3_on_block5,state_000_t2,redundant_retry_stack,3,v5_learned_no_simulation,0,0,0.480198,1.0,1.0,,54.5,0.480198,,,,1.0,71.4,9.0,3.0
hard_physical_place_block3_on_block5__state_002_t2__r02,multi,2,hard_physical_place_block3_on_block5,state_000_t2,weak_precondition_plan,4,v5_learned_no_simulation,0,0,0.0,1.0,1.0,,46.0,0.0,,,,1.0,65.4,6.0,3.0
hard_physical_place_block1_on_block5__state_002_t2__r02,multi,2,hard_physical_place_block1_on_block5,state_000_t2,stable_direct,1,v5_learned_no_simulation,1,0,1.0,1.0,1.0,,55.5,1.0,,,,1.0,72.4,7.0,3.0
hard_physical_place_block1_on_block5__state_002_t2__r02,multi,2,hard_physical_place_block1_on_block5,state_000_t2,risky_edge_place,2,v5_learned_no_simulation,0,0,0.753872,1.0,1.0,,55.5,0.753872,,,,0.55,72.4,7.0,3.0
hard_physical_place_block1_on_block5__state_002_t2__r02,multi,2,hard_physical_place_block1_on_block5,state_000_t2,redundant_recheck,3,v5_learned_no_simulation,0,0,0.75184,1.0,1.0,,54.5,0.75184,,,,1.0,71.4,9.0,3.0
hard_physical_place_block1_on_block5__state_002_t2__r02,multi,2,hard_physical_place_block1_on_block5,state_000_t2,weak_precondition,4,v5_learned_no_simulation,0,0,0.0,1.0,1.0,,45.5,0.0,,,,0.65,64.9,7.0,3.0
hard_physical_place_block3_on_block5__state_003_t3__r02,single,2,hard_physical_place_block3_on_block5,state_000_t3,stable_center,1,v5_learned_no_simulation,1,0,0.5,1.0,1.0,,55.5,0.5,,,,1.0,72.4,7.0,3.0
hard_physical_place_block3_on_block5__state_003_t3__r02,multi,2,hard_physical_place_block3_on_block5,state_000_t3,edge_offset_risky,1,v5_learned_no_simulation,1,0,1.0,1.0,1.0,,55.0,1.0,,,,0.55,71.9,8.0,3.0
hard_physical_place_block3_on_block5__state_003_t3__r02,multi,2,hard_physical_place_block3_on_block5,state_000_t3,stable_center_direct,2,v5_learned_no_simulation,0,0,0.999937,1.0,1.0,,55.0,0.999937,,,,1.0,71.9,8.0,3.0
hard_physical_place_block3_on_block5__state_003_t3__r02,multi,2,hard_physical_place_block3_on_block5,state_000_t3,redundant_recheck,3,v5_learned_no_simulation,0,0,0.682861,1.0,1.0,,54.5,0.682861,,,,1.0,71.4,9.0,3.0
hard_physical_place_block3_on_block5__state_003_t3__r02,multi,2,hard_physical_place_block3_on_block5,state_000_t3,missing_precondition_minimal,4,v5_learned_no_simulation,0,0,0.0,1.0,1.0,,45.5,0.0,,,,1.0,64.9,7.0,3.0
hard_physical_place_block1_on_block5__state_003_t3__r02,single,2,hard_physical_place_block1_on_block5,state_000_t3,stable_direct_place,1,v5_learned_no_simulation,1,0,0.5,1.0,1.0,,65.5,0.5,,,,1.0,79.9,7.0,3.0
hard_physical_place_block1_on_block5__state_003_t3__r02,multi,2,hard_physical_place_block1_on_block5,state_000_t3,stable_direct,1,v5_learned_no_simulation,1,0,1.0,1.0,1.0,,55.5,1.0,,,,1.0,72.4,7.0,3.0
hard_physical_place_block1_on_block5__state_003_t3__r02,multi,2,hard_physical_place_block1_on_block5,state_000_t3,redundant_recheck,2,v5_learned_no_simulation,0,0,0.842431,1.0,1.0,,54.5,0.842431,,,,1.0,71.4,9.0,3.0
hard_physical_place_block1_on_block5__state_003_t3__r02,multi,2,hard_physical_place_block1_on_block5,state_000_t3,risky_edge_place,3,v5_learned_no_simulation,0,0,0.761721,1.0,1.0,,55.5,0.761721,,,,0.55,72.4,7.0,3.0
hard_physical_place_block1_on_block5__state_003_t3__r02,multi,2,hard_physical_place_block1_on_block5,state_000_t3,weak_precondition,4,v5_learned_no_simulation,0,0,0.0,1.0,1.0,,46.0,0.0,,,,1.0,65.4,6.0,3.0
hard_physical_place_block3_on_block5__state_004_t4__r02,single,2,hard_physical_place_block3_on_block5,state_000_t4,stable_centered,1,v5_learned_no_simulation,1,0,0.5,1.0,1.0,,55.0,0.5,,,,1.0,71.9,8.0,3.0
hard_physical_place_block3_on_block5__state_004_t4__r02,multi,2,hard_physical_place_block3_on_block5,state_000_t4,stable_center,1,v5_learned_no_simulation,1,0,1.0,1.0,1.0,,55.5,1.0,,,,1.0,72.4,7.0,3.0
hard_physical_place_block3_on_block5__state_004_t4__r02,multi,2,hard_physical_place_block3_on_block5,state_000_t4,risky_edge,2,v5_learned_no_simulation,0,0,0.687157,1.0,1.0,,55.5,0.687157,,,,0.55,72.4,7.0,3.0
hard_physical_place_block3_on_block5__state_004_t4__r02,multi,2,hard_physical_place_block3_on_block5,state_000_t4,redundant_double_check,3,v5_learned_no_simulation,0,0,0.480198,1.0,1.0,,54.5,0.480198,,,,1.0,71.4,9.0,3.0
hard_physical_place_block3_on_block5__state_004_t4__r02,multi,2,hard_physical_place_block3_on_block5,state_000_t4,weak_precond,4,v5_learned_no_simulation,0,0,0.0,1.0,1.0,,46.0,0.0,,,,1.0,65.4,6.0,3.0
hard_physical_place_block1_on_block5__state_004_t4__r02,single,2,hard_physical_place_block1_on_block5,state_000_t4,stable_center,1,v5_learned_no_simulation,1,0,0.5,1.0,1.0,,55.0,0.5,,,,1.0,71.9,8.0,3.0
hard_physical_place_block1_on_block5__state_004_t4__r02,multi,2,hard_physical_place_block1_on_block5,state_000_t4,physically_risky,1,v5_learned_no_simulation,1,0,1.0,1.0,1.0,,65.5,1.0,,,,0.55,79.9,7.0,3.0
hard_physical_place_block1_on_block5__state_004_t4__r02,multi,2,hard_physical_place_block1_on_block5,state_000_t4,physically_stable,2,v5_learned_no_simulation,0,0,0.999937,1.0,1.0,,65.5,0.999937,,,,1.0,79.9,7.0,3.0
hard_physical_place_block1_on_block5__state_004_t4__r02,multi,2,hard_physical_place_block1_on_block5,state_000_t4,redundant,3,v5_learned_no_simulation,0,0,0.60405,1.0,1.0,,64.5,0.60405,,,,1.0,78.9,9.0,3.0
hard_physical_place_block1_on_block5__state_004_t4__r02,multi,2,hard_physical_place_block1_on_block5,state_000_t4,missing_precondition,4,v5_learned_no_simulation,0,0,0.0,1.0,1.0,,56.0,0.0,,,,1.0,72.9,6.0,3.0
