task_id,initial_state_id,initial_timestep,candidate_id,candidate_type,bt_path,task_instruction,target_predicate,moved_object,support_object,symbolic_success,sim_success,goal_satisfaction,bt_ticks,action_count,condition_failure_count,invalid_action_count,tree_size,tree_depth,precondition_coverage,final_position_error,object_displacement_error,support_stability,contact_violation_proxy,score,label,execution_result,validation_error_count,runtime_mode,simulation_status
place_block3_on_block5,state_000_t0,0,correct_bt,correct_bt,experiments/bt_selection_benchmark/bt_candidates/place_block3_on_block5/correct_bt.json,place block_3 on block_5,"supported_by(block_3, block_5)",block_3,block_5,1,1,1.0,1,1,0,0,6,3,1.0,0.001232,0.263598,1,1,165.460484,good,success,0,fallback_symbolic_effects,done
place_block3_on_block5,state_000_t0,0,missing_precondition_bt,missing_precondition_bt,experiments/bt_selection_benchmark/bt_candidates/place_block3_on_block5/missing_precondition_bt.json,place block_3 on block_5,"supported_by(block_3, block_5)",block_3,block_5,1,1,1.0,1,1,0,0,5,3,0.5,0.005557,0.478154,1,1,155.488122,good,success,0,fallback_symbolic_effects,done
place_block3_on_block5,state_000_t0,0,wrong_object_bt,wrong_object_bt,experiments/bt_selection_benchmark/bt_candidates/place_block3_on_block5/wrong_object_bt.json,place block_3 on block_5,"supported_by(block_3, block_5)",block_3,block_5,0,0,0.0,1,1,0,0,6,3,0.0,0.5266,0.472198,0,1,-30.210396,bad,success,0,fallback_symbolic_effects,done
place_block3_on_block5,state_000_t0,0,wrong_support_bt,wrong_support_bt,experiments/bt_selection_benchmark/bt_candidates/place_block3_on_block5/wrong_support_bt.json,place block_3 on block_5,"supported_by(block_3, block_5)",block_3,block_5,0,0,0.0,1,1,0,0,6,3,0.5,0.457665,0.42746,0,1,-19.43157,bad,success,0,fallback_symbolic_effects,done
place_block3_on_block5,state_000_t0,0,redundant_bt,redundant_bt,experiments/bt_selection_benchmark/bt_candidates/place_block3_on_block5/redundant_bt.json,place block_3 on block_5,"supported_by(block_3, block_5)",block_3,block_5,1,1,1.0,1,1,0,0,8,3,1.0,0.002615,0.336218,1,1,164.301414,good,success,0,fallback_symbolic_effects,done
place_block3_on_block5,state_000_t0,0,unsafe_or_invalid_bt,unsafe_or_invalid_bt,experiments/bt_selection_benchmark/bt_candidates/place_block3_on_block5/unsafe_or_invalid_bt.json,place block_3 on block_5,"supported_by(block_3, block_5)",block_3,block_5,0,0,0.0,1,1,0,2,4,3,0.0,1.0,0.0,0,1,-33.0,bad,success,0,fallback_symbolic_effects,skipped
place_block1_on_block5,state_000_t0,0,correct_bt,correct_bt,experiments/bt_selection_benchmark/bt_candidates/place_block1_on_block5/correct_bt.json,place block_1 on block_5,"supported_by(block_1, block_5)",block_1,block_5,1,1,1.0,1,1,0,0,6,3,1.0,0.00217,0.35277,1,1,165.27276,good,success,0,fallback_symbolic_effects,done
place_block1_on_block5,state_000_t0,0,missing_precondition_bt,missing_precondition_bt,experiments/bt_selection_benchmark/bt_candidates/place_block1_on_block5/missing_precondition_bt.json,place block_1 on block_5,"supported_by(block_1, block_5)",block_1,block_5,1,1,1.0,1,1,0,0,5,3,0.5,0.001523,0.240512,1,1,156.003746,good,success,0,fallback_symbolic_effects,done
place_block1_on_block5,state_000_t0,0,wrong_object_bt,wrong_object_bt,experiments/bt_selection_benchmark/bt_candidates/place_block1_on_block5/wrong_object_bt.json,place block_1 on block_5,"supported_by(block_1, block_5)",block_1,block_5,0,0,0.0,1,1,0,0,6,3,0.0,0.572115,0.497102,0,1,-30.715354,bad,success,0,fallback_symbolic_effects,done
place_block1_on_block5,state_000_t0,0,wrong_support_bt,wrong_support_bt,experiments/bt_selection_benchmark/bt_candidates/place_block1_on_block5/wrong_support_bt.json,place block_1 on block_5,"supported_by(block_1, block_5)",block_1,block_5,0,0,0.0,1,1,0,0,6,3,0.5,0.452679,0.434605,0,1,-19.396,bad,success,0,fallback_symbolic_effects,done
place_block1_on_block5,state_000_t0,0,redundant_bt,redundant_bt,experiments/bt_selection_benchmark/bt_candidates/place_block1_on_block5/redundant_bt.json,place block_1 on block_5,"supported_by(block_1, block_5)",block_1,block_5,1,1,1.0,1,1,0,0,8,3,1.0,0.001761,0.280561,1,1,164.421268,good,success,0,fallback_symbolic_effects,done
place_block1_on_block5,state_000_t0,0,unsafe_or_invalid_bt,unsafe_or_invalid_bt,experiments/bt_selection_benchmark/bt_candidates/place_block1_on_block5/unsafe_or_invalid_bt.json,place block_1 on block_5,"supported_by(block_1, block_5)",block_1,block_5,0,0,0.0,1,1,0,2,4,3,0.0,1.0,0.0,0,1,-33.0,bad,success,0,fallback_symbolic_effects,skipped
place_block2_on_block6,state_000_t0,0,correct_bt,correct_bt,experiments/bt_selection_benchmark/bt_candidates/place_block2_on_block6/correct_bt.json,place block_2 on block_6,"supported_by(block_2, block_6)",block_2,block_6,1,1,1.0,1,1,0,0,6,3,1.0,0.000531,0.194429,1,1,165.605832,good,success,0,fallback_symbolic_effects,done
place_block2_on_block6,state_000_t0,0,missing_precondition_bt,missing_precondition_bt,experiments/bt_selection_benchmark/bt_candidates/place_block2_on_block6/missing_precondition_bt.json,place block_2 on block_6,"supported_by(block_2, block_6)",block_2,block_6,1,1,1.0,1,1,0,0,5,3,0.5,0.006291,0.290808,1,1,155.855474,good,success,0,fallback_symbolic_effects,done
place_block2_on_block6,state_000_t0,0,wrong_object_bt,wrong_object_bt,experiments/bt_selection_benchmark/bt_candidates/place_block2_on_block6/wrong_object_bt.json,place block_2 on block_6,"supported_by(block_2, block_6)",block_2,block_6,0,0,0.0,1,1,0,0,6,3,0.0,0.959722,0.881127,0,1,-35.359474,bad,success,0,fallback_symbolic_effects,done
place_block2_on_block6,state_000_t0,0,wrong_support_bt,wrong_support_bt,experiments/bt_selection_benchmark/bt_candidates/place_block2_on_block6/wrong_support_bt.json,place block_2 on block_6,"supported_by(block_2, block_6)",block_2,block_6,0,0,0.0,1,1,0,0,6,3,0.5,0.454219,0.452256,0,1,-19.446702,bad,success,0,fallback_symbolic_effects,done
place_block2_on_block6,state_000_t0,0,redundant_bt,redundant_bt,experiments/bt_selection_benchmark/bt_candidates/place_block2_on_block6/redundant_bt.json,place block_2 on block_6,"supported_by(block_2, block_6)",block_2,block_6,1,1,1.0,1,1,0,0,8,3,1.0,0.005417,0.249079,1,1,164.447672,good,success,0,fallback_symbolic_effects,done
place_block2_on_block6,state_000_t0,0,unsafe_or_invalid_bt,unsafe_or_invalid_bt,experiments/bt_selection_benchmark/bt_candidates/place_block2_on_block6/unsafe_or_invalid_bt.json,place block_2 on block_6,"supported_by(block_2, block_6)",block_2,block_6,0,0,0.0,1,1,0,2,4,3,0.0,1.0,0.0,0,1,-33.0,bad,success,0,fallback_symbolic_effects,skipped
stack_block3_on_block1,state_000_t0,0,correct_bt,correct_bt,experiments/bt_selection_benchmark/bt_candidates/stack_block3_on_block1/correct_bt.json,stack block_3 on block_1,"supported_by(block_3, block_1)",block_3,block_1,1,0,1.0,1,1,0,0,6,3,1.0,0.079779,0.548682,0,1,64.104846,medium,success,0,fallback_symbolic_effects,done
stack_block3_on_block1,state_000_t0,0,missing_precondition_bt,missing_precondition_bt,experiments/bt_selection_benchmark/bt_candidates/stack_block3_on_block1/missing_precondition_bt.json,stack block_3 on block_1,"supported_by(block_3, block_1)",block_3,block_1,1,0,1.0,1,1,0,0,5,3,0.5,0.109344,0.498568,0,1,54.409424,bad,success,0,fallback_symbolic_effects,done
stack_block3_on_block1,state_000_t0,0,wrong_object_bt,wrong_object_bt,experiments/bt_selection_benchmark/bt_candidates/stack_block3_on_block1/wrong_object_bt.json,stack block_3 on block_1,"supported_by(block_3, block_1)",block_3,block_1,0,0,0.0,1,1,0,0,6,3,0.0,0.171309,0.320436,0,1,-26.353962,bad,success,0,fallback_symbolic_effects,done
stack_block3_on_block1,state_000_t0,0,wrong_support_bt,wrong_support_bt,experiments/bt_selection_benchmark/bt_candidates/stack_block3_on_block1/wrong_support_bt.json,stack block_3 on block_1,"supported_by(block_3, block_1)",block_3,block_1,0,0,0.0,1,1,0,0,6,3,0.5,0.800567,0.497819,0,1,-23.001308,bad,success,0,fallback_symbolic_effects,done
stack_block3_on_block1,state_000_t0,0,redundant_bt,redundant_bt,experiments/bt_selection_benchmark/bt_candidates/stack_block3_on_block1/redundant_bt.json,stack block_3 on block_1,"supported_by(block_3, block_1)",block_3,block_1,1,0,1.0,1,1,0,0,8,3,1.0,0.001606,0.518557,0,1,63.946826,medium,success,0,fallback_symbolic_effects,done
stack_block3_on_block1,state_000_t0,0,unsafe_or_invalid_bt,unsafe_or_invalid_bt,experiments/bt_selection_benchmark/bt_candidates/stack_block3_on_block1/unsafe_or_invalid_bt.json,stack block_3 on block_1,"supported_by(block_3, block_1)",block_3,block_1,0,0,0.0,1,1,0,2,4,3,0.0,1.0,0.0,0,1,-33.0,bad,success,0,fallback_symbolic_effects,skipped
place_block3_on_block5,state_001_t1,1,correct_bt,correct_bt,experiments/bt_selection_benchmark/bt_candidates/place_block3_on_block5/correct_bt.json,place block_3 on block_5,"supported_by(block_3, block_5)",block_3,block_5,1,1,1.0,1,1,0,0,6,3,1.0,0.003295,0.654989,1,1,164.657072,good,success,0,fallback_symbolic_effects,done
place_block3_on_block5,state_001_t1,1,missing_precondition_bt,missing_precondition_bt,experiments/bt_selection_benchmark/bt_candidates/place_block3_on_block5/missing_precondition_bt.json,place block_3 on block_5,"supported_by(block_3, block_5)",block_3,block_5,1,1,1.0,1,1,0,0,5,3,0.5,0.000504,0.561588,1,1,155.371784,good,success,0,fallback_symbolic_effects,done
place_block3_on_block5,state_001_t1,1,wrong_object_bt,wrong_object_bt,experiments/bt_selection_benchmark/bt_candidates/place_block3_on_block5/wrong_object_bt.json,place block_3 on block_5,"supported_by(block_3, block_5)",block_3,block_5,0,0,0.0,1,1,0,0,6,3,0.0,0.636348,0.731874,0,1,-31.827228,bad,success,0,fallback_symbolic_effects,done
place_block3_on_block5,state_001_t1,1,wrong_support_bt,wrong_support_bt,experiments/bt_selection_benchmark/bt_candidates/place_block3_on_block5/wrong_support_bt.json,place block_3 on block_5,"supported_by(block_3, block_5)",block_3,block_5,0,0,0.0,1,1,0,0,6,3,0.5,0.453391,0.684055,0,1,-19.90202,bad,success,0,fallback_symbolic_effects,done
place_block3_on_block5,state_001_t1,1,redundant_bt,redundant_bt,experiments/bt_selection_benchmark/bt_candidates/place_block3_on_block5/redundant_bt.json,place block_3 on block_5,"supported_by(block_3, block_5)",block_3,block_5,1,1,1.0,1,1,0,0,8,3,1.0,0.004203,0.623377,1,1,163.711216,good,success,0,fallback_symbolic_effects,done
place_block3_on_block5,state_001_t1,1,unsafe_or_invalid_bt,unsafe_or_invalid_bt,experiments/bt_selection_benchmark/bt_candidates/place_block3_on_block5/unsafe_or_invalid_bt.json,place block_3 on block_5,"supported_by(block_3, block_5)",block_3,block_5,0,0,0.0,1,1,0,2,4,3,0.0,1.0,0.0,0,1,-33.0,bad,success,0,fallback_symbolic_effects,skipped
place_block1_on_block5,state_001_t1,1,correct_bt,correct_bt,experiments/bt_selection_benchmark/bt_candidates/place_block1_on_block5/correct_bt.json,place block_1 on block_5,"supported_by(block_1, block_5)",block_1,block_5,1,1,1.0,1,1,0,0,6,3,1.0,0.005718,0.71014,1,1,164.52254,good,success,0,fallback_symbolic_effects,done
place_block1_on_block5,state_001_t1,1,missing_precondition_bt,missing_precondition_bt,experiments/bt_selection_benchmark/bt_candidates/place_block1_on_block5/missing_precondition_bt.json,place block_1 on block_5,"supported_by(block_1, block_5)",block_1,block_5,1,1,1.0,1,1,0,0,5,3,0.5,0.001182,0.629144,1,1,155.229892,good,success,0,fallback_symbolic_effects,done
place_block1_on_block5,state_001_t1,1,wrong_object_bt,wrong_object_bt,experiments/bt_selection_benchmark/bt_candidates/place_block1_on_block5/wrong_object_bt.json,place block_1 on block_5,"supported_by(block_1, block_5)",block_1,block_5,0,0,0.0,1,1,0,0,6,3,0.0,0.522618,0.255747,0,1,-29.737674,bad,success,0,fallback_symbolic_effects,done
place_block1_on_block5,state_001_t1,1,wrong_support_bt,wrong_support_bt,experiments/bt_selection_benchmark/bt_candidates/place_block1_on_block5/wrong_support_bt.json,place block_1 on block_5,"supported_by(block_1, block_5)",block_1,block_5,0,0,0.0,1,1,0,0,6,3,0.5,0.448073,0.542175,0,1,-19.56508,bad,success,0,fallback_symbolic_effects,done
place_block1_on_block5,state_001_t1,1,redundant_bt,redundant_bt,experiments/bt_selection_benchmark/bt_candidates/place_block1_on_block5/redundant_bt.json,place block_1 on block_5,"supported_by(block_1, block_5)",block_1,block_5,1,1,1.0,1,1,0,0,8,3,1.0,0.000651,0.655162,1,1,163.683166,good,success,0,fallback_symbolic_effects,done
place_block1_on_block5,state_001_t1,1,unsafe_or_invalid_bt,unsafe_or_invalid_bt,experiments/bt_selection_benchmark/bt_candidates/place_block1_on_block5/unsafe_or_invalid_bt.json,place block_1 on block_5,"supported_by(block_1, block_5)",block_1,block_5,0,0,0.0,1,1,0,2,4,3,0.0,1.0,0.0,0,1,-33.0,bad,success,0,fallback_symbolic_effects,skipped
place_block2_on_block6,state_001_t1,1,correct_bt,correct_bt,experiments/bt_selection_benchmark/bt_candidates/place_block2_on_block6/correct_bt.json,place block_2 on block_6,"supported_by(block_2, block_6)",block_2,block_6,1,1,1.0,1,1,0,0,6,3,1.0,0.007674,0.380136,1,1,165.162988,good,success,0,fallback_symbolic_effects,done
place_block2_on_block6,state_001_t1,1,missing_precondition_bt,missing_precondition_bt,experiments/bt_selection_benchmark/bt_candidates/place_block2_on_block6/missing_precondition_bt.json,place block_2 on block_6,"supported_by(block_2, block_6)",block_2,block_6,1,1,1.0,1,1,0,0,5,3,0.5,0.005715,0.229077,1,1,155.984696,good,success,0,fallback_symbolic_effects,done
place_block2_on_block6,state_001_t1,1,wrong_object_bt,wrong_object_bt,experiments/bt_selection_benchmark/bt_candidates/place_block2_on_block6/wrong_object_bt.json,place block_2 on block_6,"supported_by(block_2, block_6)",block_2,block_6,0,0,0.0,1,1,0,0,6,3,0.0,0.992812,0.882067,0,1,-35.692254,bad,success,0,fallback_symbolic_effects,done
place_block2_on_block6,state_001_t1,1,wrong_support_bt,wrong_support_bt,experiments/bt_selection_benchmark/bt_candidates/place_block2_on_block6/wrong_support_bt.json,place block_2 on block_6,"supported_by(block_2, block_6)",block_2,block_6,0,0,0.0,1,1,0,0,6,3,0.5,0.463856,0.252924,0,1,-19.144408,bad,success,0,fallback_symbolic_effects,done
place_block2_on_block6,state_001_t1,1,redundant_bt,redundant_bt,experiments/bt_selection_benchmark/bt_candidates/place_block2_on_block6/redundant_bt.json,place block_2 on block_6,"supported_by(block_2, block_6)",block_2,block_6,1,1,1.0,1,1,0,0,8,3,1.0,0.007679,0.249588,1,1,164.424034,good,success,0,fallback_symbolic_effects,done
place_block2_on_block6,state_001_t1,1,unsafe_or_invalid_bt,unsafe_or_invalid_bt,experiments/bt_selection_benchmark/bt_candidates/place_block2_on_block6/unsafe_or_invalid_bt.json,place block_2 on block_6,"supported_by(block_2, block_6)",block_2,block_6,0,0,0.0,1,1,0,2,4,3,0.0,1.0,0.0,0,1,-33.0,bad,success,0,fallback_symbolic_effects,skipped
stack_block3_on_block1,state_001_t1,1,correct_bt,correct_bt,experiments/bt_selection_benchmark/bt_candidates/stack_block3_on_block1/correct_bt.json,stack block_3 on block_1,"supported_by(block_3, block_1)",block_3,block_1,1,1,1.0,1,1,0,0,6,3,1.0,0.012844,0.737379,1,1,164.396802,good,success,0,fallback_symbolic_effects,done
stack_block3_on_block1,state_001_t1,1,missing_precondition_bt,missing_precondition_bt,experiments/bt_selection_benchmark/bt_candidates/stack_block3_on_block1/missing_precondition_bt.json,stack block_3 on block_1,"supported_by(block_3, block_1)",block_3,block_1,1,0,1.0,1,1,0,0,5,3,0.5,0.082689,0.661487,0,1,54.350136,bad,success,0,fallback_symbolic_effects,done
stack_block3_on_block1,state_001_t1,1,wrong_object_bt,wrong_object_bt,experiments/bt_selection_benchmark/bt_candidates/stack_block3_on_block1/wrong_object_bt.json,stack block_3 on block_1,"supported_by(block_3, block_1)",block_3,block_1,0,0,0.0,1,1,0,0,6,3,0.0,0.364516,0.787901,0,1,-29.220962,bad,success,0,fallback_symbolic_effects,done
stack_block3_on_block1,state_001_t1,1,wrong_support_bt,wrong_support_bt,experiments/bt_selection_benchmark/bt_candidates/stack_block3_on_block1/wrong_support_bt.json,stack block_3 on block_1,"supported_by(block_3, block_1)",block_3,block_1,0,0,0.0,1,1,0,0,6,3,0.5,0.810671,0.680481,0,1,-23.467672,bad,success,0,fallback_symbolic_effects,done
stack_block3_on_block1,state_001_t1,1,redundant_bt,redundant_bt,experiments/bt_selection_benchmark/bt_candidates/stack_block3_on_block1/redundant_bt.json,stack block_3 on block_1,"supported_by(block_3, block_1)",block_3,block_1,1,0,1.0,1,1,0,0,8,3,1.0,0.103039,0.690296,0,1,62.589018,medium,success,0,fallback_symbolic_effects,done
stack_block3_on_block1,state_001_t1,1,unsafe_or_invalid_bt,unsafe_or_invalid_bt,experiments/bt_selection_benchmark/bt_candidates/stack_block3_on_block1/unsafe_or_invalid_bt.json,stack block_3 on block_1,"supported_by(block_3, block_1)",block_3,block_1,0,0,0.0,1,1,0,2,4,3,0.0,1.0,0.0,0,1,-33.0,bad,success,0,fallback_symbolic_effects,skipped
place_block3_on_block5,state_002_t2,2,correct_bt,correct_bt,experiments/bt_selection_benchmark/bt_candidates/place_block3_on_block5/correct_bt.json,place block_3 on block_5,"supported_by(block_3, block_5)",block_3,block_5,1,1,1.0,1,1,0,0,6,3,1.0,0.001616,0.715514,1,1,164.552812,good,success,0,fallback_symbolic_effects,done
place_block3_on_block5,state_002_t2,2,missing_precondition_bt,missing_precondition_bt,experiments/bt_selection_benchmark/bt_candidates/place_block3_on_block5/missing_precondition_bt.json,place block_3 on block_5,"supported_by(block_3, block_5)",block_3,block_5,1,1,1.0,1,1,0,0,5,3,0.5,0.003891,0.744753,1,1,154.971584,good,success,0,fallback_symbolic_effects,done
place_block3_on_block5,state_002_t2,2,wrong_object_bt,wrong_object_bt,experiments/bt_selection_benchmark/bt_candidates/place_block3_on_block5/wrong_object_bt.json,place block_3 on block_5,"supported_by(block_3, block_5)",block_3,block_5,0,0,0.0,1,1,0,0,6,3,0.0,0.592744,0.624507,0,1,-31.176454,bad,success,0,fallback_symbolic_effects,done
place_block3_on_block5,state_002_t2,2,wrong_support_bt,wrong_support_bt,experiments/bt_selection_benchmark/bt_candidates/place_block3_on_block5/wrong_support_bt.json,place block_3 on block_5,"supported_by(block_3, block_5)",block_3,block_5,0,0,0.0,1,1,0,0,6,3,0.5,0.464745,0.584371,0,1,-19.816192,bad,success,0,fallback_symbolic_effects,done
place_block3_on_block5,state_002_t2,2,redundant_bt,redundant_bt,experiments/bt_selection_benchmark/bt_candidates/place_block3_on_block5/redundant_bt.json,place block_3 on block_5,"supported_by(block_3, block_5)",block_3,block_5,1,1,1.0,1,1,0,0,8,3,1.0,0.004262,0.657932,1,1,163.641516,good,success,0,fallback_symbolic_effects,done
place_block3_on_block5,state_002_t2,2,unsafe_or_invalid_bt,unsafe_or_invalid_bt,experiments/bt_selection_benchmark/bt_candidates/place_block3_on_block5/unsafe_or_invalid_bt.json,place block_3 on block_5,"supported_by(block_3, block_5)",block_3,block_5,0,0,0.0,1,1,0,2,4,3,0.0,1.0,0.0,0,1,-33.0,bad,success,0,fallback_symbolic_effects,skipped
place_block1_on_block5,state_002_t2,2,correct_bt,correct_bt,experiments/bt_selection_benchmark/bt_candidates/place_block1_on_block5/correct_bt.json,place block_1 on block_5,"supported_by(block_1, block_5)",block_1,block_5,1,1,1.0,1,1,0,0,6,3,1.0,0.000974,0.549535,1,1,164.89119,good,success,0,fallback_symbolic_effects,done
place_block1_on_block5,state_002_t2,2,missing_precondition_bt,missing_precondition_bt,experiments/bt_selection_benchmark/bt_candidates/place_block1_on_block5/missing_precondition_bt.json,place block_1 on block_5,"supported_by(block_1, block_5)",block_1,block_5,1,1,1.0,1,1,0,0,5,3,0.5,0.007771,0.631015,1,1,155.16026,good,success,0,fallback_symbolic_effects,done
place_block1_on_block5,state_002_t2,2,wrong_object_bt,wrong_object_bt,experiments/bt_selection_benchmark/bt_candidates/place_block1_on_block5/wrong_object_bt.json,place block_1 on block_5,"supported_by(block_1, block_5)",block_1,block_5,1,0,1.0,1,1,0,0,6,3,0.0,0.542225,0.206333,0,1,40.165084,bad,success,0,fallback_symbolic_effects,done
place_block1_on_block5,state_002_t2,2,wrong_support_bt,wrong_support_bt,experiments/bt_selection_benchmark/bt_candidates/place_block1_on_block5/wrong_support_bt.json,place block_1 on block_5,"supported_by(block_1, block_5)",block_1,block_5,1,0,1.0,1,1,0,0,6,3,0.5,0.457101,0.561455,0,1,50.30608,bad,success,0,fallback_symbolic_effects,done
place_block1_on_block5,state_002_t2,2,redundant_bt,redundant_bt,experiments/bt_selection_benchmark/bt_candidates/place_block1_on_block5/redundant_bt.json,place block_1 on block_5,"supported_by(block_1, block_5)",block_1,block_5,1,1,1.0,1,1,0,0,8,3,1.0,0.006738,0.654343,1,1,163.623934,good,success,0,fallback_symbolic_effects,done
place_block1_on_block5,state_002_t2,2,unsafe_or_invalid_bt,unsafe_or_invalid_bt,experiments/bt_selection_benchmark/bt_candidates/place_block1_on_block5/unsafe_or_invalid_bt.json,place block_1 on block_5,"supported_by(block_1, block_5)",block_1,block_5,1,0,1.0,1,1,0,2,4,3,0.0,0.0,0.0,0,1,47.0,bad,success,0,fallback_symbolic_effects,skipped
place_block2_on_block6,state_002_t2,2,correct_bt,correct_bt,experiments/bt_selection_benchmark/bt_candidates/place_block2_on_block6/correct_bt.json,place block_2 on block_6,"supported_by(block_2, block_6)",block_2,block_6,1,1,1.0,1,1,0,0,6,3,1.0,0.000886,0.544358,1,1,164.902424,good,success,0,fallback_symbolic_effects,done
place_block2_on_block6,state_002_t2,2,missing_precondition_bt,missing_precondition_bt,experiments/bt_selection_benchmark/bt_candidates/place_block2_on_block6/missing_precondition_bt.json,place block_2 on block_6,"supported_by(block_2, block_6)",block_2,block_6,1,1,1.0,1,1,0,0,5,3,0.5,0.001828,0.435171,1,1,155.611378,good,success,0,fallback_symbolic_effects,done
place_block2_on_block6,state_002_t2,2,wrong_object_bt,wrong_object_bt,experiments/bt_selection_benchmark/bt_candidates/place_block2_on_block6/wrong_object_bt.json,place block_2 on block_6,"supported_by(block_2, block_6)",block_2,block_6,0,0,0.0,1,1,0,0,6,3,0.0,0.913049,0.46655,0,1,-34.06359,bad,success,0,fallback_symbolic_effects,done
place_block2_on_block6,state_002_t2,2,wrong_support_bt,wrong_support_bt,experiments/bt_selection_benchmark/bt_candidates/place_block2_on_block6/wrong_support_bt.json,place block_2 on block_6,"supported_by(block_2, block_6)",block_2,block_6,0,0,0.0,1,1,0,0,6,3,0.5,0.465363,0.487265,0,1,-19.62816,bad,success,0,fallback_symbolic_effects,done
place_block2_on_block6,state_002_t2,2,redundant_bt,redundant_bt,experiments/bt_selection_benchmark/bt_candidates/place_block2_on_block6/redundant_bt.json,place block_2 on block_6,"supported_by(block_2, block_6)",block_2,block_6,1,1,1.0,1,1,0,0,8,3,1.0,0.00699,0.614418,1,1,163.701264,good,success,0,fallback_symbolic_effects,done
place_block2_on_block6,state_002_t2,2,unsafe_or_invalid_bt,unsafe_or_invalid_bt,experiments/bt_selection_benchmark/bt_candidates/place_block2_on_block6/unsafe_or_invalid_bt.json,place block_2 on block_6,"supported_by(block_2, block_6)",block_2,block_6,0,0,0.0,1,1,0,2,4,3,0.0,1.0,0.0,0,1,-33.0,bad,success,0,fallback_symbolic_effects,skipped
stack_block3_on_block1,state_002_t2,2,correct_bt,correct_bt,experiments/bt_selection_benchmark/bt_candidates/stack_block3_on_block1/correct_bt.json,stack block_3 on block_1,"supported_by(block_3, block_1)",block_3,block_1,1,0,1.0,1,1,0,0,6,3,1.0,0.089849,0.620543,0,1,63.860424,medium,success,0,fallback_symbolic_effects,done
stack_block3_on_block1,state_002_t2,2,missing_precondition_bt,missing_precondition_bt,experiments/bt_selection_benchmark/bt_candidates/stack_block3_on_block1/missing_precondition_bt.json,stack block_3 on block_1,"supported_by(block_3, block_1)",block_3,block_1,1,0,1.0,1,1,0,0,5,3,0.5,0.082962,0.542444,0,1,54.585492,bad,success,0,fallback_symbolic_effects,done
stack_block3_on_block1,state_002_t2,2,wrong_object_bt,wrong_object_bt,experiments/bt_selection_benchmark/bt_candidates/stack_block3_on_block1/wrong_object_bt.json,stack block_3 on block_1,"supported_by(block_3, block_1)",block_3,block_1,0,0,0.0,1,1,0,0,6,3,0.0,0.522242,0.812383,0,1,-30.847186,bad,success,0,fallback_symbolic_effects,done
stack_block3_on_block1,state_002_t2,2,wrong_support_bt,wrong_support_bt,experiments/bt_selection_benchmark/bt_candidates/stack_block3_on_block1/wrong_support_bt.json,stack block_3 on block_1,"supported_by(block_3, block_1)",block_3,block_1,0,0,0.0,1,1,0,0,6,3,0.5,0.400789,0.761497,0,1,-19.530884,bad,success,0,fallback_symbolic_effects,done
stack_block3_on_block1,state_002_t2,2,redundant_bt,redundant_bt,experiments/bt_selection_benchmark/bt_candidates/stack_block3_on_block1/redundant_bt.json,stack block_3 on block_1,"supported_by(block_3, block_1)",block_3,block_1,1,0,1.0,1,1,0,0,8,3,1.0,0.091641,0.634682,0,1,62.814226,medium,success,0,fallback_symbolic_effects,done
stack_block3_on_block1,state_002_t2,2,unsafe_or_invalid_bt,unsafe_or_invalid_bt,experiments/bt_selection_benchmark/bt_candidates/stack_block3_on_block1/unsafe_or_invalid_bt.json,stack block_3 on block_1,"supported_by(block_3, block_1)",block_3,block_1,0,0,0.0,1,1,0,2,4,3,0.0,1.0,0.0,0,1,-33.0,bad,success,0,fallback_symbolic_effects,skipped
place_block3_on_block5,state_003_t3,3,correct_bt,correct_bt,experiments/bt_selection_benchmark/bt_candidates/place_block3_on_block5/correct_bt.json,place block_3 on block_5,"supported_by(block_3, block_5)",block_3,block_5,1,1,1.0,1,1,0,0,6,3,1.0,0.002699,0.636707,1,1,164.699596,good,success,0,fallback_symbolic_effects,done
place_block3_on_block5,state_003_t3,3,missing_precondition_bt,missing_precondition_bt,experiments/bt_selection_benchmark/bt_candidates/place_block3_on_block5/missing_precondition_bt.json,place block_3 on block_5,"supported_by(block_3, block_5)",block_3,block_5,1,1,1.0,1,1,0,0,5,3,0.5,0.001407,0.725486,1,1,155.034958,good,success,0,fallback_symbolic_effects,done
place_block3_on_block5,state_003_t3,3,wrong_object_bt,wrong_object_bt,experiments/bt_selection_benchmark/bt_candidates/place_block3_on_block5/wrong_object_bt.json,place block_3 on block_5,"supported_by(block_3, block_5)",block_3,block_5,1,0,1.0,1,1,0,0,6,3,0.0,0.644921,0.540592,0,1,38.469606,bad,success,0,fallback_symbolic_effects,done
place_block3_on_block5,state_003_t3,3,wrong_support_bt,wrong_support_bt,experiments/bt_selection_benchmark/bt_candidates/place_block3_on_block5/wrong_support_bt.json,place block_3 on block_5,"supported_by(block_3, block_5)",block_3,block_5,1,0,1.0,1,1,0,0,6,3,0.5,0.464856,0.775042,0,1,49.801356,bad,success,0,fallback_symbolic_effects,done
place_block3_on_block5,state_003_t3,3,redundant_bt,redundant_bt,experiments/bt_selection_benchmark/bt_candidates/place_block3_on_block5/redundant_bt.json,place block_3 on block_5,"supported_by(block_3, block_5)",block_3,block_5,1,1,1.0,1,1,0,0,8,3,1.0,0.002629,0.755908,1,1,163.461894,good,success,0,fallback_symbolic_effects,done
place_block3_on_block5,state_003_t3,3,unsafe_or_invalid_bt,unsafe_or_invalid_bt,experiments/bt_selection_benchmark/bt_candidates/place_block3_on_block5/unsafe_or_invalid_bt.json,place block_3 on block_5,"supported_by(block_3, block_5)",block_3,block_5,1,0,1.0,1,1,0,2,4,3,0.0,0.0,0.0,0,1,47.0,bad,success,0,fallback_symbolic_effects,skipped
place_block1_on_block5,state_003_t3,3,correct_bt,correct_bt,experiments/bt_selection_benchmark/bt_candidates/place_block1_on_block5/correct_bt.json,place block_1 on block_5,"supported_by(block_1, block_5)",block_1,block_5,1,1,1.0,1,1,0,0,6,3,1.0,0.011499,0.671431,1,1,164.542148,good,success,0,fallback_symbolic_effects,done
place_block1_on_block5,state_003_t3,3,missing_precondition_bt,missing_precondition_bt,experiments/bt_selection_benchmark/bt_candidates/place_block1_on_block5/missing_precondition_bt.json,place block_1 on block_5,"supported_by(block_1, block_5)",block_1,block_5,1,1,1.0,1,1,0,0,5,3,0.5,0.009597,0.666675,1,1,155.07068,good,success,0,fallback_symbolic_effects,done
place_block1_on_block5,state_003_t3,3,wrong_object_bt,wrong_object_bt,experiments/bt_selection_benchmark/bt_candidates/place_block1_on_block5/wrong_object_bt.json,place block_1 on block_5,"supported_by(block_1, block_5)",block_1,block_5,1,0,1.0,1,1,0,0,6,3,0.0,0.510274,0.540739,0,1,39.815782,bad,success,0,fallback_symbolic_effects,done
place_block1_on_block5,state_003_t3,3,wrong_support_bt,wrong_support_bt,experiments/bt_selection_benchmark/bt_candidates/place_block1_on_block5/wrong_support_bt.json,place block_1 on block_5,"supported_by(block_1, block_5)",block_1,block_5,1,0,1.0,1,1,0,0,6,3,0.5,0.449263,0.598632,0,1,50.310106,bad,success,0,fallback_symbolic_effects,done
place_block1_on_block5,state_003_t3,3,redundant_bt,redundant_bt,experiments/bt_selection_benchmark/bt_candidates/place_block1_on_block5/redundant_bt.json,place block_1 on block_5,"supported_by(block_1, block_5)",block_1,block_5,1,1,1.0,1,1,0,0,8,3,1.0,0.001741,0.751079,1,1,163.480432,good,success,0,fallback_symbolic_effects,done
place_block1_on_block5,state_003_t3,3,unsafe_or_invalid_bt,unsafe_or_invalid_bt,experiments/bt_selection_benchmark/bt_candidates/place_block1_on_block5/unsafe_or_invalid_bt.json,place block_1 on block_5,"supported_by(block_1, block_5)",block_1,block_5,1,0,1.0,1,1,0,2,4,3,0.0,0.0,0.0,0,1,47.0,bad,success,0,fallback_symbolic_effects,skipped
place_block2_on_block6,state_003_t3,3,correct_bt,correct_bt,experiments/bt_selection_benchmark/bt_candidates/place_block2_on_block6/correct_bt.json,place block_2 on block_6,"supported_by(block_2, block_6)",block_2,block_6,1,1,1.0,1,1,0,0,6,3,1.0,0.006768,0.601839,1,1,164.728642,good,success,0,fallback_symbolic_effects,done
place_block2_on_block6,state_003_t3,3,missing_precondition_bt,missing_precondition_bt,experiments/bt_selection_benchmark/bt_candidates/place_block2_on_block6/missing_precondition_bt.json,place block_2 on block_6,"supported_by(block_2, block_6)",block_2,block_6,1,1,1.0,1,1,0,0,5,3,0.5,0.00059,0.680149,1,1,155.133802,good,success,0,fallback_symbolic_effects,done
place_block2_on_block6,state_003_t3,3,wrong_object_bt,wrong_object_bt,experiments/bt_selection_benchmark/bt_candidates/place_block2_on_block6/wrong_object_bt.json,place block_2 on block_6,"supported_by(block_2, block_6)",block_2,block_6,0,0,0.0,1,1,0,0,6,3,0.0,0.94528,0.468226,0,1,-34.389252,bad,success,0,fallback_symbolic_effects,done
place_block2_on_block6,state_003_t3,3,wrong_support_bt,wrong_support_bt,experiments/bt_selection_benchmark/bt_candidates/place_block2_on_block6/wrong_support_bt.json,place block_2 on block_6,"supported_by(block_2, block_6)",block_2,block_6,0,0,0.0,1,1,0,0,6,3,0.5,0.46632,0.519339,0,1,-19.701878,bad,success,0,fallback_symbolic_effects,done
place_block2_on_block6,state_003_t3,3,redundant_bt,redundant_bt,experiments/bt_selection_benchmark/bt_candidates/place_block2_on_block6/redundant_bt.json,place block_2 on block_6,"supported_by(block_2, block_6)",block_2,block_6,1,1,1.0,1,1,0,0,8,3,1.0,0.005149,0.560065,1,1,163.82838,good,success,0,fallback_symbolic_effects,done
place_block2_on_block6,state_003_t3,3,unsafe_or_invalid_bt,unsafe_or_invalid_bt,experiments/bt_selection_benchmark/bt_candidates/place_block2_on_block6/unsafe_or_invalid_bt.json,place block_2 on block_6,"supported_by(block_2, block_6)",block_2,block_6,0,0,0.0,1,1,0,2,4,3,0.0,1.0,0.0,0,1,-33.0,bad,success,0,fallback_symbolic_effects,skipped
stack_block3_on_block1,state_003_t3,3,correct_bt,correct_bt,experiments/bt_selection_benchmark/bt_candidates/stack_block3_on_block1/correct_bt.json,stack block_3 on block_1,"supported_by(block_3, block_1)",block_3,block_1,1,0,1.0,1,1,0,0,6,3,1.0,0.092335,0.632041,0,1,63.812568,medium,success,0,fallback_symbolic_effects,done
stack_block3_on_block1,state_003_t3,3,missing_precondition_bt,missing_precondition_bt,experiments/bt_selection_benchmark/bt_candidates/stack_block3_on_block1/missing_precondition_bt.json,stack block_3 on block_1,"supported_by(block_3, block_1)",block_3,block_1,1,0,1.0,1,1,0,0,5,3,0.5,0.087335,0.720928,0,1,54.184794,bad,success,0,fallback_symbolic_effects,done
stack_block3_on_block1,state_003_t3,3,wrong_object_bt,wrong_object_bt,experiments/bt_selection_benchmark/bt_candidates/stack_block3_on_block1/wrong_object_bt.json,stack block_3 on block_1,"supported_by(block_3, block_1)",block_3,block_1,0,0,0.0,1,1,0,0,6,3,0.0,0.607643,0.642666,0,1,-31.361762,bad,success,0,fallback_symbolic_effects,done
stack_block3_on_block1,state_003_t3,3,wrong_support_bt,wrong_support_bt,experiments/bt_selection_benchmark/bt_candidates/stack_block3_on_block1/wrong_support_bt.json,stack block_3 on block_1,"supported_by(block_3, block_1)",block_3,block_1,0,0,0.0,1,1,0,0,6,3,0.5,0.394009,0.566784,0,1,-19.073658,bad,success,0,fallback_symbolic_effects,done
stack_block3_on_block1,state_003_t3,3,redundant_bt,redundant_bt,experiments/bt_selection_benchmark/bt_candidates/stack_block3_on_block1/redundant_bt.json,stack block_3 on block_1,"supported_by(block_3, block_1)",block_3,block_1,1,0,1.0,1,1,0,0,8,3,1.0,0.08219,0.644224,0,1,62.889652,medium,success,0,fallback_symbolic_effects,done
stack_block3_on_block1,state_003_t3,3,unsafe_or_invalid_bt,unsafe_or_invalid_bt,experiments/bt_selection_benchmark/bt_candidates/stack_block3_on_block1/unsafe_or_invalid_bt.json,stack block_3 on block_1,"supported_by(block_3, block_1)",block_3,block_1,0,0,0.0,1,1,0,2,4,3,0.0,1.0,0.0,0,1,-33.0,bad,success,0,fallback_symbolic_effects,skipped
place_block3_on_block5,state_004_t4,4,correct_bt,correct_bt,experiments/bt_selection_benchmark/bt_candidates/place_block3_on_block5/correct_bt.json,place block_3 on block_5,"supported_by(block_3, block_5)",block_3,block_5,1,1,1.0,1,1,0,0,6,3,1.0,0.007397,0.622583,1,1,164.680864,good,success,0,fallback_symbolic_effects,done
place_block3_on_block5,state_004_t4,4,missing_precondition_bt,missing_precondition_bt,experiments/bt_selection_benchmark/bt_candidates/place_block3_on_block5/missing_precondition_bt.json,place block_3 on block_5,"supported_by(block_3, block_5)",block_3,block_5,1,1,1.0,1,1,0,0,5,3,0.5,0.001068,0.675453,1,1,155.138414,good,success,0,fallback_symbolic_effects,done
place_block3_on_block5,state_004_t4,4,wrong_object_bt,wrong_object_bt,experiments/bt_selection_benchmark/bt_candidates/place_block3_on_block5/wrong_object_bt.json,place block_3 on block_5,"supported_by(block_3, block_5)",block_3,block_5,1,0,1.0,1,1,0,0,6,3,0.0,0.493025,0.689247,0,1,39.691256,bad,success,0,fallback_symbolic_effects,done
place_block3_on_block5,state_004_t4,4,wrong_support_bt,wrong_support_bt,experiments/bt_selection_benchmark/bt_candidates/place_block3_on_block5/wrong_support_bt.json,place block_3 on block_5,"supported_by(block_3, block_5)",block_3,block_5,1,0,1.0,1,1,0,0,6,3,0.5,0.466039,0.543685,0,1,50.25224,bad,success,0,fallback_symbolic_effects,done
place_block3_on_block5,state_004_t4,4,redundant_bt,redundant_bt,experiments/bt_selection_benchmark/bt_candidates/place_block3_on_block5/redundant_bt.json,place block_3 on block_5,"supported_by(block_3, block_5)",block_3,block_5,1,1,1.0,1,1,0,0,8,3,1.0,0.003541,0.66286,1,1,163.63887,good,success,0,fallback_symbolic_effects,done
place_block3_on_block5,state_004_t4,4,unsafe_or_invalid_bt,unsafe_or_invalid_bt,experiments/bt_selection_benchmark/bt_candidates/place_block3_on_block5/unsafe_or_invalid_bt.json,place block_3 on block_5,"supported_by(block_3, block_5)",block_3,block_5,1,0,1.0,1,1,0,2,4,3,0.0,0.0,0.0,0,1,47.0,bad,success,0,fallback_symbolic_effects,skipped
place_block1_on_block5,state_004_t4,4,correct_bt,correct_bt,experiments/bt_selection_benchmark/bt_candidates/place_block1_on_block5/correct_bt.json,place block_1 on block_5,"supported_by(block_1, block_5)",block_1,block_5,1,1,1.0,1,1,0,0,6,3,1.0,0.011437,0.763223,1,1,164.359184,good,success,0,fallback_symbolic_effects,done
place_block1_on_block5,state_004_t4,4,missing_precondition_bt,missing_precondition_bt,experiments/bt_selection_benchmark/bt_candidates/place_block1_on_block5/missing_precondition_bt.json,place block_1 on block_5,"supported_by(block_1, block_5)",block_1,block_5,1,1,1.0,1,1,0,0,5,3,0.5,0.000562,0.72821,1,1,155.03796,good,success,0,fallback_symbolic_effects,done
place_block1_on_block5,state_004_t4,4,wrong_object_bt,wrong_object_bt,experiments/bt_selection_benchmark/bt_candidates/place_block1_on_block5/wrong_object_bt.json,place block_1 on block_5,"supported_by(block_1, block_5)",block_1,block_5,1,0,1.0,1,1,0,0,6,3,0.0,0.56732,0.64896,0,1,39.02888,bad,success,0,fallback_symbolic_effects,done
place_block1_on_block5,state_004_t4,4,wrong_support_bt,wrong_support_bt,experiments/bt_selection_benchmark/bt_candidates/place_block1_on_block5/wrong_support_bt.json,place block_1 on block_5,"supported_by(block_1, block_5)",block_1,block_5,1,0,1.0,1,1,0,0,6,3,0.5,0.456973,0.650047,0,1,50.130176,bad,success,0,fallback_symbolic_effects,done
place_block1_on_block5,state_004_t4,4,redundant_bt,redundant_bt,experiments/bt_selection_benchmark/bt_candidates/place_block1_on_block5/redundant_bt.json,place block_1 on block_5,"supported_by(block_1, block_5)",block_1,block_5,1,1,1.0,1,1,0,0,8,3,1.0,0.008702,0.712533,1,1,163.487914,good,success,0,fallback_symbolic_effects,done
place_block1_on_block5,state_004_t4,4,unsafe_or_invalid_bt,unsafe_or_invalid_bt,experiments/bt_selection_benchmark/bt_candidates/place_block1_on_block5/unsafe_or_invalid_bt.json,place block_1 on block_5,"supported_by(block_1, block_5)",block_1,block_5,1,0,1.0,1,1,0,2,4,3,0.0,0.0,0.0,0,1,47.0,bad,success,0,fallback_symbolic_effects,skipped
place_block2_on_block6,state_004_t4,4,correct_bt,correct_bt,experiments/bt_selection_benchmark/bt_candidates/place_block2_on_block6/correct_bt.json,place block_2 on block_6,"supported_by(block_2, block_6)",block_2,block_6,1,1,1.0,1,1,0,0,6,3,1.0,0.003069,0.630728,1,1,164.707854,good,success,0,fallback_symbolic_effects,done
place_block2_on_block6,state_004_t4,4,missing_precondition_bt,missing_precondition_bt,experiments/bt_selection_benchmark/bt_candidates/place_block2_on_block6/missing_precondition_bt.json,place block_2 on block_6,"supported_by(block_2, block_6)",block_2,block_6,1,1,1.0,1,1,0,0,5,3,0.5,0.006854,0.7389,1,1,154.95366,good,success,0,fallback_symbolic_effects,done
place_block2_on_block6,state_004_t4,4,wrong_object_bt,wrong_object_bt,experiments/bt_selection_benchmark/bt_candidates/place_block2_on_block6/wrong_object_bt.json,place block_2 on block_6,"supported_by(block_2, block_6)",block_2,block_6,0,0,0.0,1,1,0,0,6,3,0.0,0.946893,0.690874,0,1,-34.850678,bad,success,0,fallback_symbolic_effects,done
place_block2_on_block6,state_004_t4,4,wrong_support_bt,wrong_support_bt,experiments/bt_selection_benchmark/bt_candidates/place_block2_on_block6/wrong_support_bt.json,place block_2 on block_6,"supported_by(block_2, block_6)",block_2,block_6,0,0,0.0,1,1,0,0,6,3,0.5,0.465518,0.730877,0,1,-20.116934,bad,success,0,fallback_symbolic_effects,done
place_block2_on_block6,state_004_t4,4,redundant_bt,redundant_bt,experiments/bt_selection_benchmark/bt_candidates/place_block2_on_block6/redundant_bt.json,place block_2 on block_6,"supported_by(block_2, block_6)",block_2,block_6,1,1,1.0,1,1,0,0,8,3,1.0,0.002486,0.541143,1,1,163.892854,good,success,0,fallback_symbolic_effects,done
place_block2_on_block6,state_004_t4,4,unsafe_or_invalid_bt,unsafe_or_invalid_bt,experiments/bt_selection_benchmark/bt_candidates/place_block2_on_block6/unsafe_or_invalid_bt.json,place block_2 on block_6,"supported_by(block_2, block_6)",block_2,block_6,0,0,0.0,1,1,0,2,4,3,0.0,1.0,0.0,0,1,-33.0,bad,success,0,fallback_symbolic_effects,skipped
stack_block3_on_block1,state_004_t4,4,correct_bt,correct_bt,experiments/bt_selection_benchmark/bt_candidates/stack_block3_on_block1/correct_bt.json,stack block_3 on block_1,"supported_by(block_3, block_1)",block_3,block_1,1,0,1.0,1,1,0,0,6,3,1.0,0.085926,0.614936,0,1,63.910868,medium,success,0,fallback_symbolic_effects,done
stack_block3_on_block1,state_004_t4,4,missing_precondition_bt,missing_precondition_bt,experiments/bt_selection_benchmark/bt_candidates/stack_block3_on_block1/missing_precondition_bt.json,stack block_3 on block_1,"supported_by(block_3, block_1)",block_3,block_1,1,0,1.0,1,1,0,0,5,3,0.5,0.08016,0.658116,0,1,54.382168,bad,success,0,fallback_symbolic_effects,done
stack_block3_on_block1,state_004_t4,4,wrong_object_bt,wrong_object_bt,experiments/bt_selection_benchmark/bt_candidates/stack_block3_on_block1/wrong_object_bt.json,stack block_3 on block_1,"supported_by(block_3, block_1)",block_3,block_1,0,0,0.0,1,1,0,0,6,3,0.0,0.53195,0.746454,0,1,-30.812408,bad,success,0,fallback_symbolic_effects,done
stack_block3_on_block1,state_004_t4,4,wrong_support_bt,wrong_support_bt,experiments/bt_selection_benchmark/bt_candidates/stack_block3_on_block1/wrong_support_bt.json,stack block_3 on block_1,"supported_by(block_3, block_1)",block_3,block_1,0,0,0.0,1,1,0,0,6,3,0.5,0.389675,0.738649,0,1,-19.374048,bad,success,0,fallback_symbolic_effects,done
stack_block3_on_block1,state_004_t4,4,redundant_bt,redundant_bt,experiments/bt_selection_benchmark/bt_candidates/stack_block3_on_block1/redundant_bt.json,stack block_3 on block_1,"supported_by(block_3, block_1)",block_3,block_1,1,0,1.0,1,1,0,0,8,3,1.0,0.078414,0.672511,0,1,62.870838,medium,success,0,fallback_symbolic_effects,done
stack_block3_on_block1,state_004_t4,4,unsafe_or_invalid_bt,unsafe_or_invalid_bt,experiments/bt_selection_benchmark/bt_candidates/stack_block3_on_block1/unsafe_or_invalid_bt.json,stack block_3 on block_1,"supported_by(block_3, block_1)",block_3,block_1,0,0,0.0,1,1,0,2,4,3,0.0,1.0,0.0,0,1,-33.0,bad,success,0,fallback_symbolic_effects,skipped
