task_id,initial_state_id,initial_timestep,candidate_id,candidate_type,bt_path,task_instruction,target_predicate,moved_object,support_object,symbolic_success,sim_success,goal_satisfaction,bt_ticks,action_count,condition_failure_count,invalid_action_count,tree_size,tree_depth,precondition_coverage,final_position_error,object_displacement_error,support_stability,contact_violation_proxy,score,label,execution_result,validation_error_count,runtime_mode
hard_physical_place_block3_on_block5,state_000_t0,0,stable_center_bt,stable_center_bt,experiments/bt_selection_benchmark/bt_candidates_v6_hard_cases/hard_physical_place_block3_on_block5/stable_center_bt.json,place block_3 on block_5 with physically stable placement,"supported_by(block_3, block_5)",block_3,block_5,1,,1.0,1,1,0,0,6,3,1.0,0.0,0.0,,,66.0,medium,success,0,fallback_symbolic_effects
hard_physical_place_block3_on_block5,state_000_t0,0,symbolic_edge_bt,symbolic_edge_bt,experiments/bt_selection_benchmark/bt_candidates_v6_hard_cases/hard_physical_place_block3_on_block5/symbolic_edge_bt.json,place block_3 on block_5 with physically stable placement,"supported_by(block_3, block_5)",block_3,block_5,1,,1.0,1,1,0,0,6,3,1.0,0.0,0.0,,,66.0,medium,success,0,fallback_symbolic_effects
hard_physical_place_block3_on_block5,state_000_t0,0,symbolic_corner_bt,symbolic_corner_bt,experiments/bt_selection_benchmark/bt_candidates_v6_hard_cases/hard_physical_place_block3_on_block5/symbolic_corner_bt.json,place block_3 on block_5 with physically stable placement,"supported_by(block_3, block_5)",block_3,block_5,1,,1.0,1,1,0,0,6,3,1.0,0.0,0.0,,,66.0,medium,success,0,fallback_symbolic_effects
hard_physical_place_block3_on_block5,state_000_t0,0,unstable_over_edge_bt,unstable_over_edge_bt,experiments/bt_selection_benchmark/bt_candidates_v6_hard_cases/hard_physical_place_block3_on_block5/unstable_over_edge_bt.json,place block_3 on block_5 with physically stable placement,"supported_by(block_3, block_5)",block_3,block_5,1,,1.0,1,1,0,0,6,3,1.0,0.0,0.0,,,66.0,medium,success,0,fallback_symbolic_effects
hard_physical_place_block3_on_block5,state_000_t0,0,collision_far_offset_bt,collision_far_offset_bt,experiments/bt_selection_benchmark/bt_candidates_v6_hard_cases/hard_physical_place_block3_on_block5/collision_far_offset_bt.json,place block_3 on block_5 with physically stable placement,"supported_by(block_3, block_5)",block_3,block_5,1,,1.0,1,1,0,0,6,3,1.0,0.0,0.0,,,66.0,medium,success,0,fallback_symbolic_effects
hard_physical_place_block3_on_block5,state_000_t0,0,missing_precondition_bt,missing_precondition_bt,experiments/bt_selection_benchmark/bt_candidates_v6_hard_cases/hard_physical_place_block3_on_block5/missing_precondition_bt.json,place block_3 on block_5 with physically stable placement,"supported_by(block_3, block_5)",block_3,block_5,1,,1.0,1,1,0,0,5,3,0.5,0.0,0.0,,,56.5,bad,success,0,fallback_symbolic_effects
hard_physical_place_block1_on_block5,state_000_t0,0,stable_center_bt,stable_center_bt,experiments/bt_selection_benchmark/bt_candidates_v6_hard_cases/hard_physical_place_block1_on_block5/stable_center_bt.json,place block_1 on block_5 with physically stable placement,"supported_by(block_1, block_5)",block_1,block_5,1,,1.0,1,1,0,0,6,3,1.0,0.0,0.0,,,66.0,medium,success,0,fallback_symbolic_effects
hard_physical_place_block1_on_block5,state_000_t0,0,symbolic_edge_bt,symbolic_edge_bt,experiments/bt_selection_benchmark/bt_candidates_v6_hard_cases/hard_physical_place_block1_on_block5/symbolic_edge_bt.json,place block_1 on block_5 with physically stable placement,"supported_by(block_1, block_5)",block_1,block_5,1,,1.0,1,1,0,0,6,3,1.0,0.0,0.0,,,66.0,medium,success,0,fallback_symbolic_effects
hard_physical_place_block1_on_block5,state_000_t0,0,symbolic_corner_bt,symbolic_corner_bt,experiments/bt_selection_benchmark/bt_candidates_v6_hard_cases/hard_physical_place_block1_on_block5/symbolic_corner_bt.json,place block_1 on block_5 with physically stable placement,"supported_by(block_1, block_5)",block_1,block_5,1,,1.0,1,1,0,0,6,3,1.0,0.0,0.0,,,66.0,medium,success,0,fallback_symbolic_effects
hard_physical_place_block1_on_block5,state_000_t0,0,unstable_over_edge_bt,unstable_over_edge_bt,experiments/bt_selection_benchmark/bt_candidates_v6_hard_cases/hard_physical_place_block1_on_block5/unstable_over_edge_bt.json,place block_1 on block_5 with physically stable placement,"supported_by(block_1, block_5)",block_1,block_5,1,,1.0,1,1,0,0,6,3,1.0,0.0,0.0,,,66.0,medium,success,0,fallback_symbolic_effects
hard_physical_place_block1_on_block5,state_000_t0,0,collision_far_offset_bt,collision_far_offset_bt,experiments/bt_selection_benchmark/bt_candidates_v6_hard_cases/hard_physical_place_block1_on_block5/collision_far_offset_bt.json,place block_1 on block_5 with physically stable placement,"supported_by(block_1, block_5)",block_1,block_5,1,,1.0,1,1,0,0,6,3,1.0,0.0,0.0,,,66.0,medium,success,0,fallback_symbolic_effects
hard_physical_place_block1_on_block5,state_000_t0,0,missing_precondition_bt,missing_precondition_bt,experiments/bt_selection_benchmark/bt_candidates_v6_hard_cases/hard_physical_place_block1_on_block5/missing_precondition_bt.json,place block_1 on block_5 with physically stable placement,"supported_by(block_1, block_5)",block_1,block_5,1,,1.0,1,1,0,0,5,3,0.5,0.0,0.0,,,56.5,bad,success,0,fallback_symbolic_effects
long_horizon_clear_then_stack_block2_on_block3,state_000_t0,0,correct_order_bt,correct_order_bt,experiments/bt_selection_benchmark/bt_candidates_v6_hard_cases/long_horizon_clear_then_stack_block2_on_block3/correct_order_bt.json,"move block_4 away, then stack block_2 on block_3","supported_by(block_2, block_3)",block_2,block_3,1,,1.0,1,2,0,0,9,3,1.0,0.0,0.0,,,63.5,medium,success,0,fallback_symbolic_effects
long_horizon_clear_then_stack_block2_on_block3,state_000_t0,0,wrong_order_bt,wrong_order_bt,experiments/bt_selection_benchmark/bt_candidates_v6_hard_cases/long_horizon_clear_then_stack_block2_on_block3/wrong_order_bt.json,"move block_4 away, then stack block_2 on block_3","supported_by(block_2, block_3)",block_2,block_3,1,,1.0,1,2,0,0,9,3,1.0,0.0,0.0,,,63.5,medium,success,0,fallback_symbolic_effects
long_horizon_clear_then_stack_block2_on_block3,state_000_t0,0,missing_clear_bt,missing_clear_bt,experiments/bt_selection_benchmark/bt_candidates_v6_hard_cases/long_horizon_clear_then_stack_block2_on_block3/missing_clear_bt.json,"move block_4 away, then stack block_2 on block_3","supported_by(block_2, block_3)",block_2,block_3,1,,1.0,1,1,0,0,4,3,0.0,0.0,0.0,,,47.0,bad,success,0,fallback_symbolic_effects
long_horizon_clear_then_stack_block2_on_block3,state_000_t0,0,redundant_repair_bt,redundant_repair_bt,experiments/bt_selection_benchmark/bt_candidates_v6_hard_cases/long_horizon_clear_then_stack_block2_on_block3/redundant_repair_bt.json,"move block_4 away, then stack block_2 on block_3","supported_by(block_2, block_3)",block_2,block_3,1,,1.0,1,3,0,0,12,3,1.0,0.0,0.0,,,61.0,medium,success,0,fallback_symbolic_effects
long_horizon_clear_then_stack_block2_on_block3,state_000_t0,0,wrong_support_bt,wrong_support_bt,experiments/bt_selection_benchmark/bt_candidates_v6_hard_cases/long_horizon_clear_then_stack_block2_on_block3/wrong_support_bt.json,"move block_4 away, then stack block_2 on block_3","supported_by(block_2, block_3)",block_2,block_3,0,,0.0,1,1,0,0,6,3,0.5,1.0,0.0,,,-24.0,bad,success,0,fallback_symbolic_effects
long_horizon_clear_then_stack_block2_on_block3,state_000_t0,0,unsafe_or_invalid_bt,unsafe_or_invalid_bt,experiments/bt_selection_benchmark/bt_candidates_v6_hard_cases/long_horizon_clear_then_stack_block2_on_block3/unsafe_or_invalid_bt.json,"move block_4 away, then stack block_2 on block_3","supported_by(block_2, block_3)",block_2,block_3,0,,0.0,1,1,0,2,4,3,0.0,1.0,0.0,,,-33.0,bad,success,0,fallback_symbolic_effects
long_horizon_prepare_then_stack_block1_on_block3,state_000_t0,0,correct_order_bt,correct_order_bt,experiments/bt_selection_benchmark/bt_candidates_v6_hard_cases/long_horizon_prepare_then_stack_block1_on_block3/correct_order_bt.json,"move block_2 away, then stack block_1 on block_3","supported_by(block_1, block_3)",block_1,block_3,1,,1.0,1,2,0,0,9,3,1.0,0.0,0.0,,,63.5,medium,success,0,fallback_symbolic_effects
long_horizon_prepare_then_stack_block1_on_block3,state_000_t0,0,wrong_order_bt,wrong_order_bt,experiments/bt_selection_benchmark/bt_candidates_v6_hard_cases/long_horizon_prepare_then_stack_block1_on_block3/wrong_order_bt.json,"move block_2 away, then stack block_1 on block_3","supported_by(block_1, block_3)",block_1,block_3,1,,1.0,1,2,0,0,9,3,1.0,0.0,0.0,,,63.5,medium,success,0,fallback_symbolic_effects
long_horizon_prepare_then_stack_block1_on_block3,state_000_t0,0,missing_clear_bt,missing_clear_bt,experiments/bt_selection_benchmark/bt_candidates_v6_hard_cases/long_horizon_prepare_then_stack_block1_on_block3/missing_clear_bt.json,"move block_2 away, then stack block_1 on block_3","supported_by(block_1, block_3)",block_1,block_3,1,,1.0,1,1,0,0,4,3,0.0,0.0,0.0,,,47.0,bad,success,0,fallback_symbolic_effects
long_horizon_prepare_then_stack_block1_on_block3,state_000_t0,0,redundant_repair_bt,redundant_repair_bt,experiments/bt_selection_benchmark/bt_candidates_v6_hard_cases/long_horizon_prepare_then_stack_block1_on_block3/redundant_repair_bt.json,"move block_2 away, then stack block_1 on block_3","supported_by(block_1, block_3)",block_1,block_3,1,,1.0,1,3,0,0,12,3,1.0,0.0,0.0,,,61.0,medium,success,0,fallback_symbolic_effects
long_horizon_prepare_then_stack_block1_on_block3,state_000_t0,0,wrong_support_bt,wrong_support_bt,experiments/bt_selection_benchmark/bt_candidates_v6_hard_cases/long_horizon_prepare_then_stack_block1_on_block3/wrong_support_bt.json,"move block_2 away, then stack block_1 on block_3","supported_by(block_1, block_3)",block_1,block_3,0,,0.0,1,1,0,0,6,3,0.5,1.0,0.0,,,-24.0,bad,success,0,fallback_symbolic_effects
long_horizon_prepare_then_stack_block1_on_block3,state_000_t0,0,unsafe_or_invalid_bt,unsafe_or_invalid_bt,experiments/bt_selection_benchmark/bt_candidates_v6_hard_cases/long_horizon_prepare_then_stack_block1_on_block3/unsafe_or_invalid_bt.json,"move block_2 away, then stack block_1 on block_3","supported_by(block_1, block_3)",block_1,block_3,0,,0.0,1,1,0,2,4,3,0.0,1.0,0.0,,,-33.0,bad,success,0,fallback_symbolic_effects
constrained_support_block3_on_block1,state_000_t0,0,stable_center_bt,stable_center_bt,experiments/bt_selection_benchmark/bt_candidates_v6_hard_cases/constrained_support_block3_on_block1/stable_center_bt.json,place block_3 on block_1 while avoiding unstable edge and contact-risk placement,"supported_by(block_3, block_1)",block_3,block_1,1,,1.0,1,1,0,0,6,3,1.0,0.0,0.0,,,66.0,medium,success,0,fallback_symbolic_effects
constrained_support_block3_on_block1,state_000_t0,0,narrow_edge_bt,narrow_edge_bt,experiments/bt_selection_benchmark/bt_candidates_v6_hard_cases/constrained_support_block3_on_block1/narrow_edge_bt.json,place block_3 on block_1 while avoiding unstable edge and contact-risk placement,"supported_by(block_3, block_1)",block_3,block_1,1,,1.0,1,1,0,0,6,3,1.0,0.0,0.0,,,66.0,medium,success,0,fallback_symbolic_effects
constrained_support_block3_on_block1,state_000_t0,0,symbolic_edge_bt,symbolic_edge_bt,experiments/bt_selection_benchmark/bt_candidates_v6_hard_cases/constrained_support_block3_on_block1/symbolic_edge_bt.json,place block_3 on block_1 while avoiding unstable edge and contact-risk placement,"supported_by(block_3, block_1)",block_3,block_1,1,,1.0,1,1,0,0,6,3,1.0,0.0,0.0,,,66.0,medium,success,0,fallback_symbolic_effects
constrained_support_block3_on_block1,state_000_t0,0,collision_risk_bt,collision_risk_bt,experiments/bt_selection_benchmark/bt_candidates_v6_hard_cases/constrained_support_block3_on_block1/collision_risk_bt.json,place block_3 on block_1 while avoiding unstable edge and contact-risk placement,"supported_by(block_3, block_1)",block_3,block_1,1,,1.0,1,1,0,0,6,3,1.0,0.0,0.0,,,66.0,medium,success,0,fallback_symbolic_effects
constrained_support_block3_on_block1,state_000_t0,0,unstable_over_edge_bt,unstable_over_edge_bt,experiments/bt_selection_benchmark/bt_candidates_v6_hard_cases/constrained_support_block3_on_block1/unstable_over_edge_bt.json,place block_3 on block_1 while avoiding unstable edge and contact-risk placement,"supported_by(block_3, block_1)",block_3,block_1,1,,1.0,1,1,0,0,6,3,1.0,0.0,0.0,,,66.0,medium,success,0,fallback_symbolic_effects
constrained_support_block3_on_block1,state_000_t0,0,far_offset_bt,far_offset_bt,experiments/bt_selection_benchmark/bt_candidates_v6_hard_cases/constrained_support_block3_on_block1/far_offset_bt.json,place block_3 on block_1 while avoiding unstable edge and contact-risk placement,"supported_by(block_3, block_1)",block_3,block_1,1,,1.0,1,1,0,0,6,3,1.0,0.0,0.0,,,66.0,medium,success,0,fallback_symbolic_effects
constrained_support_block1_on_block3,state_000_t0,0,stable_center_bt,stable_center_bt,experiments/bt_selection_benchmark/bt_candidates_v6_hard_cases/constrained_support_block1_on_block3/stable_center_bt.json,place block_1 on block_3 while avoiding unstable edge and contact-risk placement,"supported_by(block_1, block_3)",block_1,block_3,1,,1.0,1,1,0,0,6,3,1.0,0.0,0.0,,,66.0,medium,success,0,fallback_symbolic_effects
constrained_support_block1_on_block3,state_000_t0,0,narrow_edge_bt,narrow_edge_bt,experiments/bt_selection_benchmark/bt_candidates_v6_hard_cases/constrained_support_block1_on_block3/narrow_edge_bt.json,place block_1 on block_3 while avoiding unstable edge and contact-risk placement,"supported_by(block_1, block_3)",block_1,block_3,1,,1.0,1,1,0,0,6,3,1.0,0.0,0.0,,,66.0,medium,success,0,fallback_symbolic_effects
constrained_support_block1_on_block3,state_000_t0,0,symbolic_edge_bt,symbolic_edge_bt,experiments/bt_selection_benchmark/bt_candidates_v6_hard_cases/constrained_support_block1_on_block3/symbolic_edge_bt.json,place block_1 on block_3 while avoiding unstable edge and contact-risk placement,"supported_by(block_1, block_3)",block_1,block_3,1,,1.0,1,1,0,0,6,3,1.0,0.0,0.0,,,66.0,medium,success,0,fallback_symbolic_effects
constrained_support_block1_on_block3,state_000_t0,0,collision_risk_bt,collision_risk_bt,experiments/bt_selection_benchmark/bt_candidates_v6_hard_cases/constrained_support_block1_on_block3/collision_risk_bt.json,place block_1 on block_3 while avoiding unstable edge and contact-risk placement,"supported_by(block_1, block_3)",block_1,block_3,1,,1.0,1,1,0,0,6,3,1.0,0.0,0.0,,,66.0,medium,success,0,fallback_symbolic_effects
constrained_support_block1_on_block3,state_000_t0,0,unstable_over_edge_bt,unstable_over_edge_bt,experiments/bt_selection_benchmark/bt_candidates_v6_hard_cases/constrained_support_block1_on_block3/unstable_over_edge_bt.json,place block_1 on block_3 while avoiding unstable edge and contact-risk placement,"supported_by(block_1, block_3)",block_1,block_3,1,,1.0,1,1,0,0,6,3,1.0,0.0,0.0,,,66.0,medium,success,0,fallback_symbolic_effects
constrained_support_block1_on_block3,state_000_t0,0,far_offset_bt,far_offset_bt,experiments/bt_selection_benchmark/bt_candidates_v6_hard_cases/constrained_support_block1_on_block3/far_offset_bt.json,place block_1 on block_3 while avoiding unstable edge and contact-risk placement,"supported_by(block_1, block_3)",block_1,block_3,1,,1.0,1,1,0,0,6,3,1.0,0.0,0.0,,,66.0,medium,success,0,fallback_symbolic_effects
hard_physical_place_block3_on_block5,state_001_t1,1,stable_center_bt,stable_center_bt,experiments/bt_selection_benchmark/bt_candidates_v6_hard_cases/hard_physical_place_block3_on_block5/stable_center_bt.json,place block_3 on block_5 with physically stable placement,"supported_by(block_3, block_5)",block_3,block_5,1,,1.0,1,1,0,0,6,3,1.0,0.0,0.0,,,66.0,medium,success,0,fallback_symbolic_effects
hard_physical_place_block3_on_block5,state_001_t1,1,symbolic_edge_bt,symbolic_edge_bt,experiments/bt_selection_benchmark/bt_candidates_v6_hard_cases/hard_physical_place_block3_on_block5/symbolic_edge_bt.json,place block_3 on block_5 with physically stable placement,"supported_by(block_3, block_5)",block_3,block_5,1,,1.0,1,1,0,0,6,3,1.0,0.0,0.0,,,66.0,medium,success,0,fallback_symbolic_effects
hard_physical_place_block3_on_block5,state_001_t1,1,symbolic_corner_bt,symbolic_corner_bt,experiments/bt_selection_benchmark/bt_candidates_v6_hard_cases/hard_physical_place_block3_on_block5/symbolic_corner_bt.json,place block_3 on block_5 with physically stable placement,"supported_by(block_3, block_5)",block_3,block_5,1,,1.0,1,1,0,0,6,3,1.0,0.0,0.0,,,66.0,medium,success,0,fallback_symbolic_effects
hard_physical_place_block3_on_block5,state_001_t1,1,unstable_over_edge_bt,unstable_over_edge_bt,experiments/bt_selection_benchmark/bt_candidates_v6_hard_cases/hard_physical_place_block3_on_block5/unstable_over_edge_bt.json,place block_3 on block_5 with physically stable placement,"supported_by(block_3, block_5)",block_3,block_5,1,,1.0,1,1,0,0,6,3,1.0,0.0,0.0,,,66.0,medium,success,0,fallback_symbolic_effects
hard_physical_place_block3_on_block5,state_001_t1,1,collision_far_offset_bt,collision_far_offset_bt,experiments/bt_selection_benchmark/bt_candidates_v6_hard_cases/hard_physical_place_block3_on_block5/collision_far_offset_bt.json,place block_3 on block_5 with physically stable placement,"supported_by(block_3, block_5)",block_3,block_5,1,,1.0,1,1,0,0,6,3,1.0,0.0,0.0,,,66.0,medium,success,0,fallback_symbolic_effects
hard_physical_place_block3_on_block5,state_001_t1,1,missing_precondition_bt,missing_precondition_bt,experiments/bt_selection_benchmark/bt_candidates_v6_hard_cases/hard_physical_place_block3_on_block5/missing_precondition_bt.json,place block_3 on block_5 with physically stable placement,"supported_by(block_3, block_5)",block_3,block_5,1,,1.0,1,1,0,0,5,3,0.5,0.0,0.0,,,56.5,bad,success,0,fallback_symbolic_effects
hard_physical_place_block1_on_block5,state_001_t1,1,stable_center_bt,stable_center_bt,experiments/bt_selection_benchmark/bt_candidates_v6_hard_cases/hard_physical_place_block1_on_block5/stable_center_bt.json,place block_1 on block_5 with physically stable placement,"supported_by(block_1, block_5)",block_1,block_5,1,,1.0,1,1,0,0,6,3,1.0,0.0,0.0,,,66.0,medium,success,0,fallback_symbolic_effects
hard_physical_place_block1_on_block5,state_001_t1,1,symbolic_edge_bt,symbolic_edge_bt,experiments/bt_selection_benchmark/bt_candidates_v6_hard_cases/hard_physical_place_block1_on_block5/symbolic_edge_bt.json,place block_1 on block_5 with physically stable placement,"supported_by(block_1, block_5)",block_1,block_5,1,,1.0,1,1,0,0,6,3,1.0,0.0,0.0,,,66.0,medium,success,0,fallback_symbolic_effects
hard_physical_place_block1_on_block5,state_001_t1,1,symbolic_corner_bt,symbolic_corner_bt,experiments/bt_selection_benchmark/bt_candidates_v6_hard_cases/hard_physical_place_block1_on_block5/symbolic_corner_bt.json,place block_1 on block_5 with physically stable placement,"supported_by(block_1, block_5)",block_1,block_5,1,,1.0,1,1,0,0,6,3,1.0,0.0,0.0,,,66.0,medium,success,0,fallback_symbolic_effects
hard_physical_place_block1_on_block5,state_001_t1,1,unstable_over_edge_bt,unstable_over_edge_bt,experiments/bt_selection_benchmark/bt_candidates_v6_hard_cases/hard_physical_place_block1_on_block5/unstable_over_edge_bt.json,place block_1 on block_5 with physically stable placement,"supported_by(block_1, block_5)",block_1,block_5,1,,1.0,1,1,0,0,6,3,1.0,0.0,0.0,,,66.0,medium,success,0,fallback_symbolic_effects
hard_physical_place_block1_on_block5,state_001_t1,1,collision_far_offset_bt,collision_far_offset_bt,experiments/bt_selection_benchmark/bt_candidates_v6_hard_cases/hard_physical_place_block1_on_block5/collision_far_offset_bt.json,place block_1 on block_5 with physically stable placement,"supported_by(block_1, block_5)",block_1,block_5,1,,1.0,1,1,0,0,6,3,1.0,0.0,0.0,,,66.0,medium,success,0,fallback_symbolic_effects
hard_physical_place_block1_on_block5,state_001_t1,1,missing_precondition_bt,missing_precondition_bt,experiments/bt_selection_benchmark/bt_candidates_v6_hard_cases/hard_physical_place_block1_on_block5/missing_precondition_bt.json,place block_1 on block_5 with physically stable placement,"supported_by(block_1, block_5)",block_1,block_5,1,,1.0,1,1,0,0,5,3,0.5,0.0,0.0,,,56.5,bad,success,0,fallback_symbolic_effects
long_horizon_clear_then_stack_block2_on_block3,state_001_t1,1,correct_order_bt,correct_order_bt,experiments/bt_selection_benchmark/bt_candidates_v6_hard_cases/long_horizon_clear_then_stack_block2_on_block3/correct_order_bt.json,"move block_4 away, then stack block_2 on block_3","supported_by(block_2, block_3)",block_2,block_3,1,,1.0,1,2,0,0,9,3,1.0,0.0,0.0,,,63.5,medium,success,0,fallback_symbolic_effects
long_horizon_clear_then_stack_block2_on_block3,state_001_t1,1,wrong_order_bt,wrong_order_bt,experiments/bt_selection_benchmark/bt_candidates_v6_hard_cases/long_horizon_clear_then_stack_block2_on_block3/wrong_order_bt.json,"move block_4 away, then stack block_2 on block_3","supported_by(block_2, block_3)",block_2,block_3,1,,1.0,1,2,0,0,9,3,1.0,0.0,0.0,,,63.5,medium,success,0,fallback_symbolic_effects
long_horizon_clear_then_stack_block2_on_block3,state_001_t1,1,missing_clear_bt,missing_clear_bt,experiments/bt_selection_benchmark/bt_candidates_v6_hard_cases/long_horizon_clear_then_stack_block2_on_block3/missing_clear_bt.json,"move block_4 away, then stack block_2 on block_3","supported_by(block_2, block_3)",block_2,block_3,1,,1.0,1,1,0,0,4,3,0.0,0.0,0.0,,,47.0,bad,success,0,fallback_symbolic_effects
long_horizon_clear_then_stack_block2_on_block3,state_001_t1,1,redundant_repair_bt,redundant_repair_bt,experiments/bt_selection_benchmark/bt_candidates_v6_hard_cases/long_horizon_clear_then_stack_block2_on_block3/redundant_repair_bt.json,"move block_4 away, then stack block_2 on block_3","supported_by(block_2, block_3)",block_2,block_3,1,,1.0,1,3,0,0,12,3,1.0,0.0,0.0,,,61.0,medium,success,0,fallback_symbolic_effects
long_horizon_clear_then_stack_block2_on_block3,state_001_t1,1,wrong_support_bt,wrong_support_bt,experiments/bt_selection_benchmark/bt_candidates_v6_hard_cases/long_horizon_clear_then_stack_block2_on_block3/wrong_support_bt.json,"move block_4 away, then stack block_2 on block_3","supported_by(block_2, block_3)",block_2,block_3,0,,0.0,1,1,0,0,6,3,0.5,1.0,0.0,,,-24.0,bad,success,0,fallback_symbolic_effects
long_horizon_clear_then_stack_block2_on_block3,state_001_t1,1,unsafe_or_invalid_bt,unsafe_or_invalid_bt,experiments/bt_selection_benchmark/bt_candidates_v6_hard_cases/long_horizon_clear_then_stack_block2_on_block3/unsafe_or_invalid_bt.json,"move block_4 away, then stack block_2 on block_3","supported_by(block_2, block_3)",block_2,block_3,0,,0.0,1,1,0,2,4,3,0.0,1.0,0.0,,,-33.0,bad,success,0,fallback_symbolic_effects
long_horizon_prepare_then_stack_block1_on_block3,state_001_t1,1,correct_order_bt,correct_order_bt,experiments/bt_selection_benchmark/bt_candidates_v6_hard_cases/long_horizon_prepare_then_stack_block1_on_block3/correct_order_bt.json,"move block_2 away, then stack block_1 on block_3","supported_by(block_1, block_3)",block_1,block_3,1,,1.0,1,2,0,0,9,3,1.0,0.0,0.0,,,63.5,medium,success,0,fallback_symbolic_effects
long_horizon_prepare_then_stack_block1_on_block3,state_001_t1,1,wrong_order_bt,wrong_order_bt,experiments/bt_selection_benchmark/bt_candidates_v6_hard_cases/long_horizon_prepare_then_stack_block1_on_block3/wrong_order_bt.json,"move block_2 away, then stack block_1 on block_3","supported_by(block_1, block_3)",block_1,block_3,1,,1.0,1,2,0,0,9,3,1.0,0.0,0.0,,,63.5,medium,success,0,fallback_symbolic_effects
long_horizon_prepare_then_stack_block1_on_block3,state_001_t1,1,missing_clear_bt,missing_clear_bt,experiments/bt_selection_benchmark/bt_candidates_v6_hard_cases/long_horizon_prepare_then_stack_block1_on_block3/missing_clear_bt.json,"move block_2 away, then stack block_1 on block_3","supported_by(block_1, block_3)",block_1,block_3,1,,1.0,1,1,0,0,4,3,0.0,0.0,0.0,,,47.0,bad,success,0,fallback_symbolic_effects
long_horizon_prepare_then_stack_block1_on_block3,state_001_t1,1,redundant_repair_bt,redundant_repair_bt,experiments/bt_selection_benchmark/bt_candidates_v6_hard_cases/long_horizon_prepare_then_stack_block1_on_block3/redundant_repair_bt.json,"move block_2 away, then stack block_1 on block_3","supported_by(block_1, block_3)",block_1,block_3,1,,1.0,1,3,0,0,12,3,1.0,0.0,0.0,,,61.0,medium,success,0,fallback_symbolic_effects
long_horizon_prepare_then_stack_block1_on_block3,state_001_t1,1,wrong_support_bt,wrong_support_bt,experiments/bt_selection_benchmark/bt_candidates_v6_hard_cases/long_horizon_prepare_then_stack_block1_on_block3/wrong_support_bt.json,"move block_2 away, then stack block_1 on block_3","supported_by(block_1, block_3)",block_1,block_3,0,,0.0,1,1,0,0,6,3,0.5,1.0,0.0,,,-24.0,bad,success,0,fallback_symbolic_effects
long_horizon_prepare_then_stack_block1_on_block3,state_001_t1,1,unsafe_or_invalid_bt,unsafe_or_invalid_bt,experiments/bt_selection_benchmark/bt_candidates_v6_hard_cases/long_horizon_prepare_then_stack_block1_on_block3/unsafe_or_invalid_bt.json,"move block_2 away, then stack block_1 on block_3","supported_by(block_1, block_3)",block_1,block_3,0,,0.0,1,1,0,2,4,3,0.0,1.0,0.0,,,-33.0,bad,success,0,fallback_symbolic_effects
constrained_support_block3_on_block1,state_001_t1,1,stable_center_bt,stable_center_bt,experiments/bt_selection_benchmark/bt_candidates_v6_hard_cases/constrained_support_block3_on_block1/stable_center_bt.json,place block_3 on block_1 while avoiding unstable edge and contact-risk placement,"supported_by(block_3, block_1)",block_3,block_1,1,,1.0,1,1,0,0,6,3,1.0,0.0,0.0,,,66.0,medium,success,0,fallback_symbolic_effects
constrained_support_block3_on_block1,state_001_t1,1,narrow_edge_bt,narrow_edge_bt,experiments/bt_selection_benchmark/bt_candidates_v6_hard_cases/constrained_support_block3_on_block1/narrow_edge_bt.json,place block_3 on block_1 while avoiding unstable edge and contact-risk placement,"supported_by(block_3, block_1)",block_3,block_1,1,,1.0,1,1,0,0,6,3,1.0,0.0,0.0,,,66.0,medium,success,0,fallback_symbolic_effects
constrained_support_block3_on_block1,state_001_t1,1,symbolic_edge_bt,symbolic_edge_bt,experiments/bt_selection_benchmark/bt_candidates_v6_hard_cases/constrained_support_block3_on_block1/symbolic_edge_bt.json,place block_3 on block_1 while avoiding unstable edge and contact-risk placement,"supported_by(block_3, block_1)",block_3,block_1,1,,1.0,1,1,0,0,6,3,1.0,0.0,0.0,,,66.0,medium,success,0,fallback_symbolic_effects
constrained_support_block3_on_block1,state_001_t1,1,collision_risk_bt,collision_risk_bt,experiments/bt_selection_benchmark/bt_candidates_v6_hard_cases/constrained_support_block3_on_block1/collision_risk_bt.json,place block_3 on block_1 while avoiding unstable edge and contact-risk placement,"supported_by(block_3, block_1)",block_3,block_1,1,,1.0,1,1,0,0,6,3,1.0,0.0,0.0,,,66.0,medium,success,0,fallback_symbolic_effects
constrained_support_block3_on_block1,state_001_t1,1,unstable_over_edge_bt,unstable_over_edge_bt,experiments/bt_selection_benchmark/bt_candidates_v6_hard_cases/constrained_support_block3_on_block1/unstable_over_edge_bt.json,place block_3 on block_1 while avoiding unstable edge and contact-risk placement,"supported_by(block_3, block_1)",block_3,block_1,1,,1.0,1,1,0,0,6,3,1.0,0.0,0.0,,,66.0,medium,success,0,fallback_symbolic_effects
constrained_support_block3_on_block1,state_001_t1,1,far_offset_bt,far_offset_bt,experiments/bt_selection_benchmark/bt_candidates_v6_hard_cases/constrained_support_block3_on_block1/far_offset_bt.json,place block_3 on block_1 while avoiding unstable edge and contact-risk placement,"supported_by(block_3, block_1)",block_3,block_1,1,,1.0,1,1,0,0,6,3,1.0,0.0,0.0,,,66.0,medium,success,0,fallback_symbolic_effects
constrained_support_block1_on_block3,state_001_t1,1,stable_center_bt,stable_center_bt,experiments/bt_selection_benchmark/bt_candidates_v6_hard_cases/constrained_support_block1_on_block3/stable_center_bt.json,place block_1 on block_3 while avoiding unstable edge and contact-risk placement,"supported_by(block_1, block_3)",block_1,block_3,1,,1.0,1,1,0,0,6,3,1.0,0.0,0.0,,,66.0,medium,success,0,fallback_symbolic_effects
constrained_support_block1_on_block3,state_001_t1,1,narrow_edge_bt,narrow_edge_bt,experiments/bt_selection_benchmark/bt_candidates_v6_hard_cases/constrained_support_block1_on_block3/narrow_edge_bt.json,place block_1 on block_3 while avoiding unstable edge and contact-risk placement,"supported_by(block_1, block_3)",block_1,block_3,1,,1.0,1,1,0,0,6,3,1.0,0.0,0.0,,,66.0,medium,success,0,fallback_symbolic_effects
constrained_support_block1_on_block3,state_001_t1,1,symbolic_edge_bt,symbolic_edge_bt,experiments/bt_selection_benchmark/bt_candidates_v6_hard_cases/constrained_support_block1_on_block3/symbolic_edge_bt.json,place block_1 on block_3 while avoiding unstable edge and contact-risk placement,"supported_by(block_1, block_3)",block_1,block_3,1,,1.0,1,1,0,0,6,3,1.0,0.0,0.0,,,66.0,medium,success,0,fallback_symbolic_effects
constrained_support_block1_on_block3,state_001_t1,1,collision_risk_bt,collision_risk_bt,experiments/bt_selection_benchmark/bt_candidates_v6_hard_cases/constrained_support_block1_on_block3/collision_risk_bt.json,place block_1 on block_3 while avoiding unstable edge and contact-risk placement,"supported_by(block_1, block_3)",block_1,block_3,1,,1.0,1,1,0,0,6,3,1.0,0.0,0.0,,,66.0,medium,success,0,fallback_symbolic_effects
constrained_support_block1_on_block3,state_001_t1,1,unstable_over_edge_bt,unstable_over_edge_bt,experiments/bt_selection_benchmark/bt_candidates_v6_hard_cases/constrained_support_block1_on_block3/unstable_over_edge_bt.json,place block_1 on block_3 while avoiding unstable edge and contact-risk placement,"supported_by(block_1, block_3)",block_1,block_3,1,,1.0,1,1,0,0,6,3,1.0,0.0,0.0,,,66.0,medium,success,0,fallback_symbolic_effects
constrained_support_block1_on_block3,state_001_t1,1,far_offset_bt,far_offset_bt,experiments/bt_selection_benchmark/bt_candidates_v6_hard_cases/constrained_support_block1_on_block3/far_offset_bt.json,place block_1 on block_3 while avoiding unstable edge and contact-risk placement,"supported_by(block_1, block_3)",block_1,block_3,1,,1.0,1,1,0,0,6,3,1.0,0.0,0.0,,,66.0,medium,success,0,fallback_symbolic_effects
hard_physical_place_block3_on_block5,state_002_t2,2,stable_center_bt,stable_center_bt,experiments/bt_selection_benchmark/bt_candidates_v6_hard_cases/hard_physical_place_block3_on_block5/stable_center_bt.json,place block_3 on block_5 with physically stable placement,"supported_by(block_3, block_5)",block_3,block_5,1,,1.0,1,1,0,0,6,3,1.0,0.0,0.0,,,66.0,medium,success,0,fallback_symbolic_effects
hard_physical_place_block3_on_block5,state_002_t2,2,symbolic_edge_bt,symbolic_edge_bt,experiments/bt_selection_benchmark/bt_candidates_v6_hard_cases/hard_physical_place_block3_on_block5/symbolic_edge_bt.json,place block_3 on block_5 with physically stable placement,"supported_by(block_3, block_5)",block_3,block_5,1,,1.0,1,1,0,0,6,3,1.0,0.0,0.0,,,66.0,medium,success,0,fallback_symbolic_effects
hard_physical_place_block3_on_block5,state_002_t2,2,symbolic_corner_bt,symbolic_corner_bt,experiments/bt_selection_benchmark/bt_candidates_v6_hard_cases/hard_physical_place_block3_on_block5/symbolic_corner_bt.json,place block_3 on block_5 with physically stable placement,"supported_by(block_3, block_5)",block_3,block_5,1,,1.0,1,1,0,0,6,3,1.0,0.0,0.0,,,66.0,medium,success,0,fallback_symbolic_effects
hard_physical_place_block3_on_block5,state_002_t2,2,unstable_over_edge_bt,unstable_over_edge_bt,experiments/bt_selection_benchmark/bt_candidates_v6_hard_cases/hard_physical_place_block3_on_block5/unstable_over_edge_bt.json,place block_3 on block_5 with physically stable placement,"supported_by(block_3, block_5)",block_3,block_5,1,,1.0,1,1,0,0,6,3,1.0,0.0,0.0,,,66.0,medium,success,0,fallback_symbolic_effects
hard_physical_place_block3_on_block5,state_002_t2,2,collision_far_offset_bt,collision_far_offset_bt,experiments/bt_selection_benchmark/bt_candidates_v6_hard_cases/hard_physical_place_block3_on_block5/collision_far_offset_bt.json,place block_3 on block_5 with physically stable placement,"supported_by(block_3, block_5)",block_3,block_5,1,,1.0,1,1,0,0,6,3,1.0,0.0,0.0,,,66.0,medium,success,0,fallback_symbolic_effects
hard_physical_place_block3_on_block5,state_002_t2,2,missing_precondition_bt,missing_precondition_bt,experiments/bt_selection_benchmark/bt_candidates_v6_hard_cases/hard_physical_place_block3_on_block5/missing_precondition_bt.json,place block_3 on block_5 with physically stable placement,"supported_by(block_3, block_5)",block_3,block_5,1,,1.0,1,1,0,0,5,3,0.5,0.0,0.0,,,56.5,bad,success,0,fallback_symbolic_effects
hard_physical_place_block1_on_block5,state_002_t2,2,stable_center_bt,stable_center_bt,experiments/bt_selection_benchmark/bt_candidates_v6_hard_cases/hard_physical_place_block1_on_block5/stable_center_bt.json,place block_1 on block_5 with physically stable placement,"supported_by(block_1, block_5)",block_1,block_5,1,,1.0,1,1,0,0,6,3,1.0,0.0,0.0,,,66.0,medium,success,0,fallback_symbolic_effects
hard_physical_place_block1_on_block5,state_002_t2,2,symbolic_edge_bt,symbolic_edge_bt,experiments/bt_selection_benchmark/bt_candidates_v6_hard_cases/hard_physical_place_block1_on_block5/symbolic_edge_bt.json,place block_1 on block_5 with physically stable placement,"supported_by(block_1, block_5)",block_1,block_5,1,,1.0,1,1,0,0,6,3,1.0,0.0,0.0,,,66.0,medium,success,0,fallback_symbolic_effects
hard_physical_place_block1_on_block5,state_002_t2,2,symbolic_corner_bt,symbolic_corner_bt,experiments/bt_selection_benchmark/bt_candidates_v6_hard_cases/hard_physical_place_block1_on_block5/symbolic_corner_bt.json,place block_1 on block_5 with physically stable placement,"supported_by(block_1, block_5)",block_1,block_5,1,,1.0,1,1,0,0,6,3,1.0,0.0,0.0,,,66.0,medium,success,0,fallback_symbolic_effects
hard_physical_place_block1_on_block5,state_002_t2,2,unstable_over_edge_bt,unstable_over_edge_bt,experiments/bt_selection_benchmark/bt_candidates_v6_hard_cases/hard_physical_place_block1_on_block5/unstable_over_edge_bt.json,place block_1 on block_5 with physically stable placement,"supported_by(block_1, block_5)",block_1,block_5,1,,1.0,1,1,0,0,6,3,1.0,0.0,0.0,,,66.0,medium,success,0,fallback_symbolic_effects
hard_physical_place_block1_on_block5,state_002_t2,2,collision_far_offset_bt,collision_far_offset_bt,experiments/bt_selection_benchmark/bt_candidates_v6_hard_cases/hard_physical_place_block1_on_block5/collision_far_offset_bt.json,place block_1 on block_5 with physically stable placement,"supported_by(block_1, block_5)",block_1,block_5,1,,1.0,1,1,0,0,6,3,1.0,0.0,0.0,,,66.0,medium,success,0,fallback_symbolic_effects
hard_physical_place_block1_on_block5,state_002_t2,2,missing_precondition_bt,missing_precondition_bt,experiments/bt_selection_benchmark/bt_candidates_v6_hard_cases/hard_physical_place_block1_on_block5/missing_precondition_bt.json,place block_1 on block_5 with physically stable placement,"supported_by(block_1, block_5)",block_1,block_5,1,,1.0,1,1,0,0,5,3,0.5,0.0,0.0,,,56.5,bad,success,0,fallback_symbolic_effects
long_horizon_clear_then_stack_block2_on_block3,state_002_t2,2,correct_order_bt,correct_order_bt,experiments/bt_selection_benchmark/bt_candidates_v6_hard_cases/long_horizon_clear_then_stack_block2_on_block3/correct_order_bt.json,"move block_4 away, then stack block_2 on block_3","supported_by(block_2, block_3)",block_2,block_3,1,,1.0,1,2,0,0,9,3,1.0,0.0,0.0,,,63.5,medium,success,0,fallback_symbolic_effects
long_horizon_clear_then_stack_block2_on_block3,state_002_t2,2,wrong_order_bt,wrong_order_bt,experiments/bt_selection_benchmark/bt_candidates_v6_hard_cases/long_horizon_clear_then_stack_block2_on_block3/wrong_order_bt.json,"move block_4 away, then stack block_2 on block_3","supported_by(block_2, block_3)",block_2,block_3,1,,1.0,1,2,0,0,9,3,1.0,0.0,0.0,,,63.5,medium,success,0,fallback_symbolic_effects
long_horizon_clear_then_stack_block2_on_block3,state_002_t2,2,missing_clear_bt,missing_clear_bt,experiments/bt_selection_benchmark/bt_candidates_v6_hard_cases/long_horizon_clear_then_stack_block2_on_block3/missing_clear_bt.json,"move block_4 away, then stack block_2 on block_3","supported_by(block_2, block_3)",block_2,block_3,1,,1.0,1,1,0,0,4,3,0.0,0.0,0.0,,,47.0,bad,success,0,fallback_symbolic_effects
long_horizon_clear_then_stack_block2_on_block3,state_002_t2,2,redundant_repair_bt,redundant_repair_bt,experiments/bt_selection_benchmark/bt_candidates_v6_hard_cases/long_horizon_clear_then_stack_block2_on_block3/redundant_repair_bt.json,"move block_4 away, then stack block_2 on block_3","supported_by(block_2, block_3)",block_2,block_3,1,,1.0,1,3,0,0,12,3,1.0,0.0,0.0,,,61.0,medium,success,0,fallback_symbolic_effects
long_horizon_clear_then_stack_block2_on_block3,state_002_t2,2,wrong_support_bt,wrong_support_bt,experiments/bt_selection_benchmark/bt_candidates_v6_hard_cases/long_horizon_clear_then_stack_block2_on_block3/wrong_support_bt.json,"move block_4 away, then stack block_2 on block_3","supported_by(block_2, block_3)",block_2,block_3,0,,0.0,1,1,0,0,6,3,0.5,1.0,0.0,,,-24.0,bad,success,0,fallback_symbolic_effects
long_horizon_clear_then_stack_block2_on_block3,state_002_t2,2,unsafe_or_invalid_bt,unsafe_or_invalid_bt,experiments/bt_selection_benchmark/bt_candidates_v6_hard_cases/long_horizon_clear_then_stack_block2_on_block3/unsafe_or_invalid_bt.json,"move block_4 away, then stack block_2 on block_3","supported_by(block_2, block_3)",block_2,block_3,0,,0.0,1,1,0,2,4,3,0.0,1.0,0.0,,,-33.0,bad,success,0,fallback_symbolic_effects
long_horizon_prepare_then_stack_block1_on_block3,state_002_t2,2,correct_order_bt,correct_order_bt,experiments/bt_selection_benchmark/bt_candidates_v6_hard_cases/long_horizon_prepare_then_stack_block1_on_block3/correct_order_bt.json,"move block_2 away, then stack block_1 on block_3","supported_by(block_1, block_3)",block_1,block_3,1,,1.0,1,2,0,0,9,3,1.0,0.0,0.0,,,63.5,medium,success,0,fallback_symbolic_effects
long_horizon_prepare_then_stack_block1_on_block3,state_002_t2,2,wrong_order_bt,wrong_order_bt,experiments/bt_selection_benchmark/bt_candidates_v6_hard_cases/long_horizon_prepare_then_stack_block1_on_block3/wrong_order_bt.json,"move block_2 away, then stack block_1 on block_3","supported_by(block_1, block_3)",block_1,block_3,1,,1.0,1,2,0,0,9,3,1.0,0.0,0.0,,,63.5,medium,success,0,fallback_symbolic_effects
long_horizon_prepare_then_stack_block1_on_block3,state_002_t2,2,missing_clear_bt,missing_clear_bt,experiments/bt_selection_benchmark/bt_candidates_v6_hard_cases/long_horizon_prepare_then_stack_block1_on_block3/missing_clear_bt.json,"move block_2 away, then stack block_1 on block_3","supported_by(block_1, block_3)",block_1,block_3,1,,1.0,1,1,0,0,4,3,0.0,0.0,0.0,,,47.0,bad,success,0,fallback_symbolic_effects
long_horizon_prepare_then_stack_block1_on_block3,state_002_t2,2,redundant_repair_bt,redundant_repair_bt,experiments/bt_selection_benchmark/bt_candidates_v6_hard_cases/long_horizon_prepare_then_stack_block1_on_block3/redundant_repair_bt.json,"move block_2 away, then stack block_1 on block_3","supported_by(block_1, block_3)",block_1,block_3,1,,1.0,1,3,0,0,12,3,1.0,0.0,0.0,,,61.0,medium,success,0,fallback_symbolic_effects
long_horizon_prepare_then_stack_block1_on_block3,state_002_t2,2,wrong_support_bt,wrong_support_bt,experiments/bt_selection_benchmark/bt_candidates_v6_hard_cases/long_horizon_prepare_then_stack_block1_on_block3/wrong_support_bt.json,"move block_2 away, then stack block_1 on block_3","supported_by(block_1, block_3)",block_1,block_3,0,,0.0,1,1,0,0,6,3,0.5,1.0,0.0,,,-24.0,bad,success,0,fallback_symbolic_effects
long_horizon_prepare_then_stack_block1_on_block3,state_002_t2,2,unsafe_or_invalid_bt,unsafe_or_invalid_bt,experiments/bt_selection_benchmark/bt_candidates_v6_hard_cases/long_horizon_prepare_then_stack_block1_on_block3/unsafe_or_invalid_bt.json,"move block_2 away, then stack block_1 on block_3","supported_by(block_1, block_3)",block_1,block_3,0,,0.0,1,1,0,2,4,3,0.0,1.0,0.0,,,-33.0,bad,success,0,fallback_symbolic_effects
constrained_support_block3_on_block1,state_002_t2,2,stable_center_bt,stable_center_bt,experiments/bt_selection_benchmark/bt_candidates_v6_hard_cases/constrained_support_block3_on_block1/stable_center_bt.json,place block_3 on block_1 while avoiding unstable edge and contact-risk placement,"supported_by(block_3, block_1)",block_3,block_1,1,,1.0,1,1,0,0,6,3,1.0,0.0,0.0,,,66.0,medium,success,0,fallback_symbolic_effects
constrained_support_block3_on_block1,state_002_t2,2,narrow_edge_bt,narrow_edge_bt,experiments/bt_selection_benchmark/bt_candidates_v6_hard_cases/constrained_support_block3_on_block1/narrow_edge_bt.json,place block_3 on block_1 while avoiding unstable edge and contact-risk placement,"supported_by(block_3, block_1)",block_3,block_1,1,,1.0,1,1,0,0,6,3,1.0,0.0,0.0,,,66.0,medium,success,0,fallback_symbolic_effects
constrained_support_block3_on_block1,state_002_t2,2,symbolic_edge_bt,symbolic_edge_bt,experiments/bt_selection_benchmark/bt_candidates_v6_hard_cases/constrained_support_block3_on_block1/symbolic_edge_bt.json,place block_3 on block_1 while avoiding unstable edge and contact-risk placement,"supported_by(block_3, block_1)",block_3,block_1,1,,1.0,1,1,0,0,6,3,1.0,0.0,0.0,,,66.0,medium,success,0,fallback_symbolic_effects
constrained_support_block3_on_block1,state_002_t2,2,collision_risk_bt,collision_risk_bt,experiments/bt_selection_benchmark/bt_candidates_v6_hard_cases/constrained_support_block3_on_block1/collision_risk_bt.json,place block_3 on block_1 while avoiding unstable edge and contact-risk placement,"supported_by(block_3, block_1)",block_3,block_1,1,,1.0,1,1,0,0,6,3,1.0,0.0,0.0,,,66.0,medium,success,0,fallback_symbolic_effects
constrained_support_block3_on_block1,state_002_t2,2,unstable_over_edge_bt,unstable_over_edge_bt,experiments/bt_selection_benchmark/bt_candidates_v6_hard_cases/constrained_support_block3_on_block1/unstable_over_edge_bt.json,place block_3 on block_1 while avoiding unstable edge and contact-risk placement,"supported_by(block_3, block_1)",block_3,block_1,1,,1.0,1,1,0,0,6,3,1.0,0.0,0.0,,,66.0,medium,success,0,fallback_symbolic_effects
constrained_support_block3_on_block1,state_002_t2,2,far_offset_bt,far_offset_bt,experiments/bt_selection_benchmark/bt_candidates_v6_hard_cases/constrained_support_block3_on_block1/far_offset_bt.json,place block_3 on block_1 while avoiding unstable edge and contact-risk placement,"supported_by(block_3, block_1)",block_3,block_1,1,,1.0,1,1,0,0,6,3,1.0,0.0,0.0,,,66.0,medium,success,0,fallback_symbolic_effects
constrained_support_block1_on_block3,state_002_t2,2,stable_center_bt,stable_center_bt,experiments/bt_selection_benchmark/bt_candidates_v6_hard_cases/constrained_support_block1_on_block3/stable_center_bt.json,place block_1 on block_3 while avoiding unstable edge and contact-risk placement,"supported_by(block_1, block_3)",block_1,block_3,1,,1.0,1,1,0,0,6,3,1.0,0.0,0.0,,,66.0,medium,success,0,fallback_symbolic_effects
constrained_support_block1_on_block3,state_002_t2,2,narrow_edge_bt,narrow_edge_bt,experiments/bt_selection_benchmark/bt_candidates_v6_hard_cases/constrained_support_block1_on_block3/narrow_edge_bt.json,place block_1 on block_3 while avoiding unstable edge and contact-risk placement,"supported_by(block_1, block_3)",block_1,block_3,1,,1.0,1,1,0,0,6,3,1.0,0.0,0.0,,,66.0,medium,success,0,fallback_symbolic_effects
constrained_support_block1_on_block3,state_002_t2,2,symbolic_edge_bt,symbolic_edge_bt,experiments/bt_selection_benchmark/bt_candidates_v6_hard_cases/constrained_support_block1_on_block3/symbolic_edge_bt.json,place block_1 on block_3 while avoiding unstable edge and contact-risk placement,"supported_by(block_1, block_3)",block_1,block_3,1,,1.0,1,1,0,0,6,3,1.0,0.0,0.0,,,66.0,medium,success,0,fallback_symbolic_effects
constrained_support_block1_on_block3,state_002_t2,2,collision_risk_bt,collision_risk_bt,experiments/bt_selection_benchmark/bt_candidates_v6_hard_cases/constrained_support_block1_on_block3/collision_risk_bt.json,place block_1 on block_3 while avoiding unstable edge and contact-risk placement,"supported_by(block_1, block_3)",block_1,block_3,1,,1.0,1,1,0,0,6,3,1.0,0.0,0.0,,,66.0,medium,success,0,fallback_symbolic_effects
constrained_support_block1_on_block3,state_002_t2,2,unstable_over_edge_bt,unstable_over_edge_bt,experiments/bt_selection_benchmark/bt_candidates_v6_hard_cases/constrained_support_block1_on_block3/unstable_over_edge_bt.json,place block_1 on block_3 while avoiding unstable edge and contact-risk placement,"supported_by(block_1, block_3)",block_1,block_3,1,,1.0,1,1,0,0,6,3,1.0,0.0,0.0,,,66.0,medium,success,0,fallback_symbolic_effects
constrained_support_block1_on_block3,state_002_t2,2,far_offset_bt,far_offset_bt,experiments/bt_selection_benchmark/bt_candidates_v6_hard_cases/constrained_support_block1_on_block3/far_offset_bt.json,place block_1 on block_3 while avoiding unstable edge and contact-risk placement,"supported_by(block_1, block_3)",block_1,block_3,1,,1.0,1,1,0,0,6,3,1.0,0.0,0.0,,,66.0,medium,success,0,fallback_symbolic_effects
hard_physical_place_block3_on_block5,state_003_t3,3,stable_center_bt,stable_center_bt,experiments/bt_selection_benchmark/bt_candidates_v6_hard_cases/hard_physical_place_block3_on_block5/stable_center_bt.json,place block_3 on block_5 with physically stable placement,"supported_by(block_3, block_5)",block_3,block_5,1,,1.0,1,1,0,0,6,3,1.0,0.0,0.0,,,66.0,medium,success,0,fallback_symbolic_effects
hard_physical_place_block3_on_block5,state_003_t3,3,symbolic_edge_bt,symbolic_edge_bt,experiments/bt_selection_benchmark/bt_candidates_v6_hard_cases/hard_physical_place_block3_on_block5/symbolic_edge_bt.json,place block_3 on block_5 with physically stable placement,"supported_by(block_3, block_5)",block_3,block_5,1,,1.0,1,1,0,0,6,3,1.0,0.0,0.0,,,66.0,medium,success,0,fallback_symbolic_effects
hard_physical_place_block3_on_block5,state_003_t3,3,symbolic_corner_bt,symbolic_corner_bt,experiments/bt_selection_benchmark/bt_candidates_v6_hard_cases/hard_physical_place_block3_on_block5/symbolic_corner_bt.json,place block_3 on block_5 with physically stable placement,"supported_by(block_3, block_5)",block_3,block_5,1,,1.0,1,1,0,0,6,3,1.0,0.0,0.0,,,66.0,medium,success,0,fallback_symbolic_effects
hard_physical_place_block3_on_block5,state_003_t3,3,unstable_over_edge_bt,unstable_over_edge_bt,experiments/bt_selection_benchmark/bt_candidates_v6_hard_cases/hard_physical_place_block3_on_block5/unstable_over_edge_bt.json,place block_3 on block_5 with physically stable placement,"supported_by(block_3, block_5)",block_3,block_5,1,,1.0,1,1,0,0,6,3,1.0,0.0,0.0,,,66.0,medium,success,0,fallback_symbolic_effects
hard_physical_place_block3_on_block5,state_003_t3,3,collision_far_offset_bt,collision_far_offset_bt,experiments/bt_selection_benchmark/bt_candidates_v6_hard_cases/hard_physical_place_block3_on_block5/collision_far_offset_bt.json,place block_3 on block_5 with physically stable placement,"supported_by(block_3, block_5)",block_3,block_5,1,,1.0,1,1,0,0,6,3,1.0,0.0,0.0,,,66.0,medium,success,0,fallback_symbolic_effects
hard_physical_place_block3_on_block5,state_003_t3,3,missing_precondition_bt,missing_precondition_bt,experiments/bt_selection_benchmark/bt_candidates_v6_hard_cases/hard_physical_place_block3_on_block5/missing_precondition_bt.json,place block_3 on block_5 with physically stable placement,"supported_by(block_3, block_5)",block_3,block_5,1,,1.0,1,1,0,0,5,3,0.5,0.0,0.0,,,56.5,bad,success,0,fallback_symbolic_effects
hard_physical_place_block1_on_block5,state_003_t3,3,stable_center_bt,stable_center_bt,experiments/bt_selection_benchmark/bt_candidates_v6_hard_cases/hard_physical_place_block1_on_block5/stable_center_bt.json,place block_1 on block_5 with physically stable placement,"supported_by(block_1, block_5)",block_1,block_5,1,,1.0,1,1,0,0,6,3,1.0,0.0,0.0,,,66.0,medium,success,0,fallback_symbolic_effects
hard_physical_place_block1_on_block5,state_003_t3,3,symbolic_edge_bt,symbolic_edge_bt,experiments/bt_selection_benchmark/bt_candidates_v6_hard_cases/hard_physical_place_block1_on_block5/symbolic_edge_bt.json,place block_1 on block_5 with physically stable placement,"supported_by(block_1, block_5)",block_1,block_5,1,,1.0,1,1,0,0,6,3,1.0,0.0,0.0,,,66.0,medium,success,0,fallback_symbolic_effects
hard_physical_place_block1_on_block5,state_003_t3,3,symbolic_corner_bt,symbolic_corner_bt,experiments/bt_selection_benchmark/bt_candidates_v6_hard_cases/hard_physical_place_block1_on_block5/symbolic_corner_bt.json,place block_1 on block_5 with physically stable placement,"supported_by(block_1, block_5)",block_1,block_5,1,,1.0,1,1,0,0,6,3,1.0,0.0,0.0,,,66.0,medium,success,0,fallback_symbolic_effects
hard_physical_place_block1_on_block5,state_003_t3,3,unstable_over_edge_bt,unstable_over_edge_bt,experiments/bt_selection_benchmark/bt_candidates_v6_hard_cases/hard_physical_place_block1_on_block5/unstable_over_edge_bt.json,place block_1 on block_5 with physically stable placement,"supported_by(block_1, block_5)",block_1,block_5,1,,1.0,1,1,0,0,6,3,1.0,0.0,0.0,,,66.0,medium,success,0,fallback_symbolic_effects
hard_physical_place_block1_on_block5,state_003_t3,3,collision_far_offset_bt,collision_far_offset_bt,experiments/bt_selection_benchmark/bt_candidates_v6_hard_cases/hard_physical_place_block1_on_block5/collision_far_offset_bt.json,place block_1 on block_5 with physically stable placement,"supported_by(block_1, block_5)",block_1,block_5,1,,1.0,1,1,0,0,6,3,1.0,0.0,0.0,,,66.0,medium,success,0,fallback_symbolic_effects
hard_physical_place_block1_on_block5,state_003_t3,3,missing_precondition_bt,missing_precondition_bt,experiments/bt_selection_benchmark/bt_candidates_v6_hard_cases/hard_physical_place_block1_on_block5/missing_precondition_bt.json,place block_1 on block_5 with physically stable placement,"supported_by(block_1, block_5)",block_1,block_5,1,,1.0,1,1,0,0,5,3,0.5,0.0,0.0,,,56.5,bad,success,0,fallback_symbolic_effects
long_horizon_clear_then_stack_block2_on_block3,state_003_t3,3,correct_order_bt,correct_order_bt,experiments/bt_selection_benchmark/bt_candidates_v6_hard_cases/long_horizon_clear_then_stack_block2_on_block3/correct_order_bt.json,"move block_4 away, then stack block_2 on block_3","supported_by(block_2, block_3)",block_2,block_3,1,,1.0,1,2,0,0,9,3,1.0,0.0,0.0,,,63.5,medium,success,0,fallback_symbolic_effects
long_horizon_clear_then_stack_block2_on_block3,state_003_t3,3,wrong_order_bt,wrong_order_bt,experiments/bt_selection_benchmark/bt_candidates_v6_hard_cases/long_horizon_clear_then_stack_block2_on_block3/wrong_order_bt.json,"move block_4 away, then stack block_2 on block_3","supported_by(block_2, block_3)",block_2,block_3,1,,1.0,1,2,0,0,9,3,1.0,0.0,0.0,,,63.5,medium,success,0,fallback_symbolic_effects
long_horizon_clear_then_stack_block2_on_block3,state_003_t3,3,missing_clear_bt,missing_clear_bt,experiments/bt_selection_benchmark/bt_candidates_v6_hard_cases/long_horizon_clear_then_stack_block2_on_block3/missing_clear_bt.json,"move block_4 away, then stack block_2 on block_3","supported_by(block_2, block_3)",block_2,block_3,1,,1.0,1,1,0,0,4,3,0.0,0.0,0.0,,,47.0,bad,success,0,fallback_symbolic_effects
long_horizon_clear_then_stack_block2_on_block3,state_003_t3,3,redundant_repair_bt,redundant_repair_bt,experiments/bt_selection_benchmark/bt_candidates_v6_hard_cases/long_horizon_clear_then_stack_block2_on_block3/redundant_repair_bt.json,"move block_4 away, then stack block_2 on block_3","supported_by(block_2, block_3)",block_2,block_3,1,,1.0,1,3,0,0,12,3,1.0,0.0,0.0,,,61.0,medium,success,0,fallback_symbolic_effects
long_horizon_clear_then_stack_block2_on_block3,state_003_t3,3,wrong_support_bt,wrong_support_bt,experiments/bt_selection_benchmark/bt_candidates_v6_hard_cases/long_horizon_clear_then_stack_block2_on_block3/wrong_support_bt.json,"move block_4 away, then stack block_2 on block_3","supported_by(block_2, block_3)",block_2,block_3,0,,0.0,1,1,0,0,6,3,0.5,1.0,0.0,,,-24.0,bad,success,0,fallback_symbolic_effects
long_horizon_clear_then_stack_block2_on_block3,state_003_t3,3,unsafe_or_invalid_bt,unsafe_or_invalid_bt,experiments/bt_selection_benchmark/bt_candidates_v6_hard_cases/long_horizon_clear_then_stack_block2_on_block3/unsafe_or_invalid_bt.json,"move block_4 away, then stack block_2 on block_3","supported_by(block_2, block_3)",block_2,block_3,0,,0.0,1,1,0,2,4,3,0.0,1.0,0.0,,,-33.0,bad,success,0,fallback_symbolic_effects
long_horizon_prepare_then_stack_block1_on_block3,state_003_t3,3,correct_order_bt,correct_order_bt,experiments/bt_selection_benchmark/bt_candidates_v6_hard_cases/long_horizon_prepare_then_stack_block1_on_block3/correct_order_bt.json,"move block_2 away, then stack block_1 on block_3","supported_by(block_1, block_3)",block_1,block_3,1,,1.0,1,2,0,0,9,3,1.0,0.0,0.0,,,63.5,medium,success,0,fallback_symbolic_effects
long_horizon_prepare_then_stack_block1_on_block3,state_003_t3,3,wrong_order_bt,wrong_order_bt,experiments/bt_selection_benchmark/bt_candidates_v6_hard_cases/long_horizon_prepare_then_stack_block1_on_block3/wrong_order_bt.json,"move block_2 away, then stack block_1 on block_3","supported_by(block_1, block_3)",block_1,block_3,1,,1.0,1,2,0,0,9,3,1.0,0.0,0.0,,,63.5,medium,success,0,fallback_symbolic_effects
long_horizon_prepare_then_stack_block1_on_block3,state_003_t3,3,missing_clear_bt,missing_clear_bt,experiments/bt_selection_benchmark/bt_candidates_v6_hard_cases/long_horizon_prepare_then_stack_block1_on_block3/missing_clear_bt.json,"move block_2 away, then stack block_1 on block_3","supported_by(block_1, block_3)",block_1,block_3,1,,1.0,1,1,0,0,4,3,0.0,0.0,0.0,,,47.0,bad,success,0,fallback_symbolic_effects
long_horizon_prepare_then_stack_block1_on_block3,state_003_t3,3,redundant_repair_bt,redundant_repair_bt,experiments/bt_selection_benchmark/bt_candidates_v6_hard_cases/long_horizon_prepare_then_stack_block1_on_block3/redundant_repair_bt.json,"move block_2 away, then stack block_1 on block_3","supported_by(block_1, block_3)",block_1,block_3,1,,1.0,1,3,0,0,12,3,1.0,0.0,0.0,,,61.0,medium,success,0,fallback_symbolic_effects
long_horizon_prepare_then_stack_block1_on_block3,state_003_t3,3,wrong_support_bt,wrong_support_bt,experiments/bt_selection_benchmark/bt_candidates_v6_hard_cases/long_horizon_prepare_then_stack_block1_on_block3/wrong_support_bt.json,"move block_2 away, then stack block_1 on block_3","supported_by(block_1, block_3)",block_1,block_3,0,,0.0,1,1,0,0,6,3,0.5,1.0,0.0,,,-24.0,bad,success,0,fallback_symbolic_effects
long_horizon_prepare_then_stack_block1_on_block3,state_003_t3,3,unsafe_or_invalid_bt,unsafe_or_invalid_bt,experiments/bt_selection_benchmark/bt_candidates_v6_hard_cases/long_horizon_prepare_then_stack_block1_on_block3/unsafe_or_invalid_bt.json,"move block_2 away, then stack block_1 on block_3","supported_by(block_1, block_3)",block_1,block_3,0,,0.0,1,1,0,2,4,3,0.0,1.0,0.0,,,-33.0,bad,success,0,fallback_symbolic_effects
constrained_support_block3_on_block1,state_003_t3,3,stable_center_bt,stable_center_bt,experiments/bt_selection_benchmark/bt_candidates_v6_hard_cases/constrained_support_block3_on_block1/stable_center_bt.json,place block_3 on block_1 while avoiding unstable edge and contact-risk placement,"supported_by(block_3, block_1)",block_3,block_1,1,,1.0,1,1,0,0,6,3,1.0,0.0,0.0,,,66.0,medium,success,0,fallback_symbolic_effects
constrained_support_block3_on_block1,state_003_t3,3,narrow_edge_bt,narrow_edge_bt,experiments/bt_selection_benchmark/bt_candidates_v6_hard_cases/constrained_support_block3_on_block1/narrow_edge_bt.json,place block_3 on block_1 while avoiding unstable edge and contact-risk placement,"supported_by(block_3, block_1)",block_3,block_1,1,,1.0,1,1,0,0,6,3,1.0,0.0,0.0,,,66.0,medium,success,0,fallback_symbolic_effects
constrained_support_block3_on_block1,state_003_t3,3,symbolic_edge_bt,symbolic_edge_bt,experiments/bt_selection_benchmark/bt_candidates_v6_hard_cases/constrained_support_block3_on_block1/symbolic_edge_bt.json,place block_3 on block_1 while avoiding unstable edge and contact-risk placement,"supported_by(block_3, block_1)",block_3,block_1,1,,1.0,1,1,0,0,6,3,1.0,0.0,0.0,,,66.0,medium,success,0,fallback_symbolic_effects
constrained_support_block3_on_block1,state_003_t3,3,collision_risk_bt,collision_risk_bt,experiments/bt_selection_benchmark/bt_candidates_v6_hard_cases/constrained_support_block3_on_block1/collision_risk_bt.json,place block_3 on block_1 while avoiding unstable edge and contact-risk placement,"supported_by(block_3, block_1)",block_3,block_1,1,,1.0,1,1,0,0,6,3,1.0,0.0,0.0,,,66.0,medium,success,0,fallback_symbolic_effects
constrained_support_block3_on_block1,state_003_t3,3,unstable_over_edge_bt,unstable_over_edge_bt,experiments/bt_selection_benchmark/bt_candidates_v6_hard_cases/constrained_support_block3_on_block1/unstable_over_edge_bt.json,place block_3 on block_1 while avoiding unstable edge and contact-risk placement,"supported_by(block_3, block_1)",block_3,block_1,1,,1.0,1,1,0,0,6,3,1.0,0.0,0.0,,,66.0,medium,success,0,fallback_symbolic_effects
constrained_support_block3_on_block1,state_003_t3,3,far_offset_bt,far_offset_bt,experiments/bt_selection_benchmark/bt_candidates_v6_hard_cases/constrained_support_block3_on_block1/far_offset_bt.json,place block_3 on block_1 while avoiding unstable edge and contact-risk placement,"supported_by(block_3, block_1)",block_3,block_1,1,,1.0,1,1,0,0,6,3,1.0,0.0,0.0,,,66.0,medium,success,0,fallback_symbolic_effects
constrained_support_block1_on_block3,state_003_t3,3,stable_center_bt,stable_center_bt,experiments/bt_selection_benchmark/bt_candidates_v6_hard_cases/constrained_support_block1_on_block3/stable_center_bt.json,place block_1 on block_3 while avoiding unstable edge and contact-risk placement,"supported_by(block_1, block_3)",block_1,block_3,1,,1.0,1,1,0,0,6,3,1.0,0.0,0.0,,,66.0,medium,success,0,fallback_symbolic_effects
constrained_support_block1_on_block3,state_003_t3,3,narrow_edge_bt,narrow_edge_bt,experiments/bt_selection_benchmark/bt_candidates_v6_hard_cases/constrained_support_block1_on_block3/narrow_edge_bt.json,place block_1 on block_3 while avoiding unstable edge and contact-risk placement,"supported_by(block_1, block_3)",block_1,block_3,1,,1.0,1,1,0,0,6,3,1.0,0.0,0.0,,,66.0,medium,success,0,fallback_symbolic_effects
constrained_support_block1_on_block3,state_003_t3,3,symbolic_edge_bt,symbolic_edge_bt,experiments/bt_selection_benchmark/bt_candidates_v6_hard_cases/constrained_support_block1_on_block3/symbolic_edge_bt.json,place block_1 on block_3 while avoiding unstable edge and contact-risk placement,"supported_by(block_1, block_3)",block_1,block_3,1,,1.0,1,1,0,0,6,3,1.0,0.0,0.0,,,66.0,medium,success,0,fallback_symbolic_effects
constrained_support_block1_on_block3,state_003_t3,3,collision_risk_bt,collision_risk_bt,experiments/bt_selection_benchmark/bt_candidates_v6_hard_cases/constrained_support_block1_on_block3/collision_risk_bt.json,place block_1 on block_3 while avoiding unstable edge and contact-risk placement,"supported_by(block_1, block_3)",block_1,block_3,1,,1.0,1,1,0,0,6,3,1.0,0.0,0.0,,,66.0,medium,success,0,fallback_symbolic_effects
constrained_support_block1_on_block3,state_003_t3,3,unstable_over_edge_bt,unstable_over_edge_bt,experiments/bt_selection_benchmark/bt_candidates_v6_hard_cases/constrained_support_block1_on_block3/unstable_over_edge_bt.json,place block_1 on block_3 while avoiding unstable edge and contact-risk placement,"supported_by(block_1, block_3)",block_1,block_3,1,,1.0,1,1,0,0,6,3,1.0,0.0,0.0,,,66.0,medium,success,0,fallback_symbolic_effects
constrained_support_block1_on_block3,state_003_t3,3,far_offset_bt,far_offset_bt,experiments/bt_selection_benchmark/bt_candidates_v6_hard_cases/constrained_support_block1_on_block3/far_offset_bt.json,place block_1 on block_3 while avoiding unstable edge and contact-risk placement,"supported_by(block_1, block_3)",block_1,block_3,1,,1.0,1,1,0,0,6,3,1.0,0.0,0.0,,,66.0,medium,success,0,fallback_symbolic_effects
hard_physical_place_block3_on_block5,state_004_t4,4,stable_center_bt,stable_center_bt,experiments/bt_selection_benchmark/bt_candidates_v6_hard_cases/hard_physical_place_block3_on_block5/stable_center_bt.json,place block_3 on block_5 with physically stable placement,"supported_by(block_3, block_5)",block_3,block_5,1,,1.0,1,1,0,0,6,3,1.0,0.0,0.0,,,66.0,medium,success,0,fallback_symbolic_effects
hard_physical_place_block3_on_block5,state_004_t4,4,symbolic_edge_bt,symbolic_edge_bt,experiments/bt_selection_benchmark/bt_candidates_v6_hard_cases/hard_physical_place_block3_on_block5/symbolic_edge_bt.json,place block_3 on block_5 with physically stable placement,"supported_by(block_3, block_5)",block_3,block_5,1,,1.0,1,1,0,0,6,3,1.0,0.0,0.0,,,66.0,medium,success,0,fallback_symbolic_effects
hard_physical_place_block3_on_block5,state_004_t4,4,symbolic_corner_bt,symbolic_corner_bt,experiments/bt_selection_benchmark/bt_candidates_v6_hard_cases/hard_physical_place_block3_on_block5/symbolic_corner_bt.json,place block_3 on block_5 with physically stable placement,"supported_by(block_3, block_5)",block_3,block_5,1,,1.0,1,1,0,0,6,3,1.0,0.0,0.0,,,66.0,medium,success,0,fallback_symbolic_effects
hard_physical_place_block3_on_block5,state_004_t4,4,unstable_over_edge_bt,unstable_over_edge_bt,experiments/bt_selection_benchmark/bt_candidates_v6_hard_cases/hard_physical_place_block3_on_block5/unstable_over_edge_bt.json,place block_3 on block_5 with physically stable placement,"supported_by(block_3, block_5)",block_3,block_5,1,,1.0,1,1,0,0,6,3,1.0,0.0,0.0,,,66.0,medium,success,0,fallback_symbolic_effects
hard_physical_place_block3_on_block5,state_004_t4,4,collision_far_offset_bt,collision_far_offset_bt,experiments/bt_selection_benchmark/bt_candidates_v6_hard_cases/hard_physical_place_block3_on_block5/collision_far_offset_bt.json,place block_3 on block_5 with physically stable placement,"supported_by(block_3, block_5)",block_3,block_5,1,,1.0,1,1,0,0,6,3,1.0,0.0,0.0,,,66.0,medium,success,0,fallback_symbolic_effects
hard_physical_place_block3_on_block5,state_004_t4,4,missing_precondition_bt,missing_precondition_bt,experiments/bt_selection_benchmark/bt_candidates_v6_hard_cases/hard_physical_place_block3_on_block5/missing_precondition_bt.json,place block_3 on block_5 with physically stable placement,"supported_by(block_3, block_5)",block_3,block_5,1,,1.0,1,1,0,0,5,3,0.5,0.0,0.0,,,56.5,bad,success,0,fallback_symbolic_effects
hard_physical_place_block1_on_block5,state_004_t4,4,stable_center_bt,stable_center_bt,experiments/bt_selection_benchmark/bt_candidates_v6_hard_cases/hard_physical_place_block1_on_block5/stable_center_bt.json,place block_1 on block_5 with physically stable placement,"supported_by(block_1, block_5)",block_1,block_5,1,,1.0,1,1,0,0,6,3,1.0,0.0,0.0,,,66.0,medium,success,0,fallback_symbolic_effects
hard_physical_place_block1_on_block5,state_004_t4,4,symbolic_edge_bt,symbolic_edge_bt,experiments/bt_selection_benchmark/bt_candidates_v6_hard_cases/hard_physical_place_block1_on_block5/symbolic_edge_bt.json,place block_1 on block_5 with physically stable placement,"supported_by(block_1, block_5)",block_1,block_5,1,,1.0,1,1,0,0,6,3,1.0,0.0,0.0,,,66.0,medium,success,0,fallback_symbolic_effects
hard_physical_place_block1_on_block5,state_004_t4,4,symbolic_corner_bt,symbolic_corner_bt,experiments/bt_selection_benchmark/bt_candidates_v6_hard_cases/hard_physical_place_block1_on_block5/symbolic_corner_bt.json,place block_1 on block_5 with physically stable placement,"supported_by(block_1, block_5)",block_1,block_5,1,,1.0,1,1,0,0,6,3,1.0,0.0,0.0,,,66.0,medium,success,0,fallback_symbolic_effects
hard_physical_place_block1_on_block5,state_004_t4,4,unstable_over_edge_bt,unstable_over_edge_bt,experiments/bt_selection_benchmark/bt_candidates_v6_hard_cases/hard_physical_place_block1_on_block5/unstable_over_edge_bt.json,place block_1 on block_5 with physically stable placement,"supported_by(block_1, block_5)",block_1,block_5,1,,1.0,1,1,0,0,6,3,1.0,0.0,0.0,,,66.0,medium,success,0,fallback_symbolic_effects
hard_physical_place_block1_on_block5,state_004_t4,4,collision_far_offset_bt,collision_far_offset_bt,experiments/bt_selection_benchmark/bt_candidates_v6_hard_cases/hard_physical_place_block1_on_block5/collision_far_offset_bt.json,place block_1 on block_5 with physically stable placement,"supported_by(block_1, block_5)",block_1,block_5,1,,1.0,1,1,0,0,6,3,1.0,0.0,0.0,,,66.0,medium,success,0,fallback_symbolic_effects
hard_physical_place_block1_on_block5,state_004_t4,4,missing_precondition_bt,missing_precondition_bt,experiments/bt_selection_benchmark/bt_candidates_v6_hard_cases/hard_physical_place_block1_on_block5/missing_precondition_bt.json,place block_1 on block_5 with physically stable placement,"supported_by(block_1, block_5)",block_1,block_5,1,,1.0,1,1,0,0,5,3,0.5,0.0,0.0,,,56.5,bad,success,0,fallback_symbolic_effects
long_horizon_clear_then_stack_block2_on_block3,state_004_t4,4,correct_order_bt,correct_order_bt,experiments/bt_selection_benchmark/bt_candidates_v6_hard_cases/long_horizon_clear_then_stack_block2_on_block3/correct_order_bt.json,"move block_4 away, then stack block_2 on block_3","supported_by(block_2, block_3)",block_2,block_3,1,,1.0,1,2,0,0,9,3,1.0,0.0,0.0,,,63.5,medium,success,0,fallback_symbolic_effects
long_horizon_clear_then_stack_block2_on_block3,state_004_t4,4,wrong_order_bt,wrong_order_bt,experiments/bt_selection_benchmark/bt_candidates_v6_hard_cases/long_horizon_clear_then_stack_block2_on_block3/wrong_order_bt.json,"move block_4 away, then stack block_2 on block_3","supported_by(block_2, block_3)",block_2,block_3,1,,1.0,1,2,0,0,9,3,1.0,0.0,0.0,,,63.5,medium,success,0,fallback_symbolic_effects
long_horizon_clear_then_stack_block2_on_block3,state_004_t4,4,missing_clear_bt,missing_clear_bt,experiments/bt_selection_benchmark/bt_candidates_v6_hard_cases/long_horizon_clear_then_stack_block2_on_block3/missing_clear_bt.json,"move block_4 away, then stack block_2 on block_3","supported_by(block_2, block_3)",block_2,block_3,1,,1.0,1,1,0,0,4,3,0.0,0.0,0.0,,,47.0,bad,success,0,fallback_symbolic_effects
long_horizon_clear_then_stack_block2_on_block3,state_004_t4,4,redundant_repair_bt,redundant_repair_bt,experiments/bt_selection_benchmark/bt_candidates_v6_hard_cases/long_horizon_clear_then_stack_block2_on_block3/redundant_repair_bt.json,"move block_4 away, then stack block_2 on block_3","supported_by(block_2, block_3)",block_2,block_3,1,,1.0,1,3,0,0,12,3,1.0,0.0,0.0,,,61.0,medium,success,0,fallback_symbolic_effects
long_horizon_clear_then_stack_block2_on_block3,state_004_t4,4,wrong_support_bt,wrong_support_bt,experiments/bt_selection_benchmark/bt_candidates_v6_hard_cases/long_horizon_clear_then_stack_block2_on_block3/wrong_support_bt.json,"move block_4 away, then stack block_2 on block_3","supported_by(block_2, block_3)",block_2,block_3,0,,0.0,1,1,0,0,6,3,0.5,1.0,0.0,,,-24.0,bad,success,0,fallback_symbolic_effects
long_horizon_clear_then_stack_block2_on_block3,state_004_t4,4,unsafe_or_invalid_bt,unsafe_or_invalid_bt,experiments/bt_selection_benchmark/bt_candidates_v6_hard_cases/long_horizon_clear_then_stack_block2_on_block3/unsafe_or_invalid_bt.json,"move block_4 away, then stack block_2 on block_3","supported_by(block_2, block_3)",block_2,block_3,0,,0.0,1,1,0,2,4,3,0.0,1.0,0.0,,,-33.0,bad,success,0,fallback_symbolic_effects
long_horizon_prepare_then_stack_block1_on_block3,state_004_t4,4,correct_order_bt,correct_order_bt,experiments/bt_selection_benchmark/bt_candidates_v6_hard_cases/long_horizon_prepare_then_stack_block1_on_block3/correct_order_bt.json,"move block_2 away, then stack block_1 on block_3","supported_by(block_1, block_3)",block_1,block_3,1,,1.0,1,2,0,0,9,3,1.0,0.0,0.0,,,63.5,medium,success,0,fallback_symbolic_effects
long_horizon_prepare_then_stack_block1_on_block3,state_004_t4,4,wrong_order_bt,wrong_order_bt,experiments/bt_selection_benchmark/bt_candidates_v6_hard_cases/long_horizon_prepare_then_stack_block1_on_block3/wrong_order_bt.json,"move block_2 away, then stack block_1 on block_3","supported_by(block_1, block_3)",block_1,block_3,1,,1.0,1,2,0,0,9,3,1.0,0.0,0.0,,,63.5,medium,success,0,fallback_symbolic_effects
long_horizon_prepare_then_stack_block1_on_block3,state_004_t4,4,missing_clear_bt,missing_clear_bt,experiments/bt_selection_benchmark/bt_candidates_v6_hard_cases/long_horizon_prepare_then_stack_block1_on_block3/missing_clear_bt.json,"move block_2 away, then stack block_1 on block_3","supported_by(block_1, block_3)",block_1,block_3,1,,1.0,1,1,0,0,4,3,0.0,0.0,0.0,,,47.0,bad,success,0,fallback_symbolic_effects
long_horizon_prepare_then_stack_block1_on_block3,state_004_t4,4,redundant_repair_bt,redundant_repair_bt,experiments/bt_selection_benchmark/bt_candidates_v6_hard_cases/long_horizon_prepare_then_stack_block1_on_block3/redundant_repair_bt.json,"move block_2 away, then stack block_1 on block_3","supported_by(block_1, block_3)",block_1,block_3,1,,1.0,1,3,0,0,12,3,1.0,0.0,0.0,,,61.0,medium,success,0,fallback_symbolic_effects
long_horizon_prepare_then_stack_block1_on_block3,state_004_t4,4,wrong_support_bt,wrong_support_bt,experiments/bt_selection_benchmark/bt_candidates_v6_hard_cases/long_horizon_prepare_then_stack_block1_on_block3/wrong_support_bt.json,"move block_2 away, then stack block_1 on block_3","supported_by(block_1, block_3)",block_1,block_3,0,,0.0,1,1,0,0,6,3,0.5,1.0,0.0,,,-24.0,bad,success,0,fallback_symbolic_effects
long_horizon_prepare_then_stack_block1_on_block3,state_004_t4,4,unsafe_or_invalid_bt,unsafe_or_invalid_bt,experiments/bt_selection_benchmark/bt_candidates_v6_hard_cases/long_horizon_prepare_then_stack_block1_on_block3/unsafe_or_invalid_bt.json,"move block_2 away, then stack block_1 on block_3","supported_by(block_1, block_3)",block_1,block_3,0,,0.0,1,1,0,2,4,3,0.0,1.0,0.0,,,-33.0,bad,success,0,fallback_symbolic_effects
constrained_support_block3_on_block1,state_004_t4,4,stable_center_bt,stable_center_bt,experiments/bt_selection_benchmark/bt_candidates_v6_hard_cases/constrained_support_block3_on_block1/stable_center_bt.json,place block_3 on block_1 while avoiding unstable edge and contact-risk placement,"supported_by(block_3, block_1)",block_3,block_1,1,,1.0,1,1,0,0,6,3,1.0,0.0,0.0,,,66.0,medium,success,0,fallback_symbolic_effects
constrained_support_block3_on_block1,state_004_t4,4,narrow_edge_bt,narrow_edge_bt,experiments/bt_selection_benchmark/bt_candidates_v6_hard_cases/constrained_support_block3_on_block1/narrow_edge_bt.json,place block_3 on block_1 while avoiding unstable edge and contact-risk placement,"supported_by(block_3, block_1)",block_3,block_1,1,,1.0,1,1,0,0,6,3,1.0,0.0,0.0,,,66.0,medium,success,0,fallback_symbolic_effects
constrained_support_block3_on_block1,state_004_t4,4,symbolic_edge_bt,symbolic_edge_bt,experiments/bt_selection_benchmark/bt_candidates_v6_hard_cases/constrained_support_block3_on_block1/symbolic_edge_bt.json,place block_3 on block_1 while avoiding unstable edge and contact-risk placement,"supported_by(block_3, block_1)",block_3,block_1,1,,1.0,1,1,0,0,6,3,1.0,0.0,0.0,,,66.0,medium,success,0,fallback_symbolic_effects
constrained_support_block3_on_block1,state_004_t4,4,collision_risk_bt,collision_risk_bt,experiments/bt_selection_benchmark/bt_candidates_v6_hard_cases/constrained_support_block3_on_block1/collision_risk_bt.json,place block_3 on block_1 while avoiding unstable edge and contact-risk placement,"supported_by(block_3, block_1)",block_3,block_1,1,,1.0,1,1,0,0,6,3,1.0,0.0,0.0,,,66.0,medium,success,0,fallback_symbolic_effects
constrained_support_block3_on_block1,state_004_t4,4,unstable_over_edge_bt,unstable_over_edge_bt,experiments/bt_selection_benchmark/bt_candidates_v6_hard_cases/constrained_support_block3_on_block1/unstable_over_edge_bt.json,place block_3 on block_1 while avoiding unstable edge and contact-risk placement,"supported_by(block_3, block_1)",block_3,block_1,1,,1.0,1,1,0,0,6,3,1.0,0.0,0.0,,,66.0,medium,success,0,fallback_symbolic_effects
constrained_support_block3_on_block1,state_004_t4,4,far_offset_bt,far_offset_bt,experiments/bt_selection_benchmark/bt_candidates_v6_hard_cases/constrained_support_block3_on_block1/far_offset_bt.json,place block_3 on block_1 while avoiding unstable edge and contact-risk placement,"supported_by(block_3, block_1)",block_3,block_1,1,,1.0,1,1,0,0,6,3,1.0,0.0,0.0,,,66.0,medium,success,0,fallback_symbolic_effects
constrained_support_block1_on_block3,state_004_t4,4,stable_center_bt,stable_center_bt,experiments/bt_selection_benchmark/bt_candidates_v6_hard_cases/constrained_support_block1_on_block3/stable_center_bt.json,place block_1 on block_3 while avoiding unstable edge and contact-risk placement,"supported_by(block_1, block_3)",block_1,block_3,1,,1.0,1,1,0,0,6,3,1.0,0.0,0.0,,,66.0,medium,success,0,fallback_symbolic_effects
constrained_support_block1_on_block3,state_004_t4,4,narrow_edge_bt,narrow_edge_bt,experiments/bt_selection_benchmark/bt_candidates_v6_hard_cases/constrained_support_block1_on_block3/narrow_edge_bt.json,place block_1 on block_3 while avoiding unstable edge and contact-risk placement,"supported_by(block_1, block_3)",block_1,block_3,1,,1.0,1,1,0,0,6,3,1.0,0.0,0.0,,,66.0,medium,success,0,fallback_symbolic_effects
constrained_support_block1_on_block3,state_004_t4,4,symbolic_edge_bt,symbolic_edge_bt,experiments/bt_selection_benchmark/bt_candidates_v6_hard_cases/constrained_support_block1_on_block3/symbolic_edge_bt.json,place block_1 on block_3 while avoiding unstable edge and contact-risk placement,"supported_by(block_1, block_3)",block_1,block_3,1,,1.0,1,1,0,0,6,3,1.0,0.0,0.0,,,66.0,medium,success,0,fallback_symbolic_effects
constrained_support_block1_on_block3,state_004_t4,4,collision_risk_bt,collision_risk_bt,experiments/bt_selection_benchmark/bt_candidates_v6_hard_cases/constrained_support_block1_on_block3/collision_risk_bt.json,place block_1 on block_3 while avoiding unstable edge and contact-risk placement,"supported_by(block_1, block_3)",block_1,block_3,1,,1.0,1,1,0,0,6,3,1.0,0.0,0.0,,,66.0,medium,success,0,fallback_symbolic_effects
constrained_support_block1_on_block3,state_004_t4,4,unstable_over_edge_bt,unstable_over_edge_bt,experiments/bt_selection_benchmark/bt_candidates_v6_hard_cases/constrained_support_block1_on_block3/unstable_over_edge_bt.json,place block_1 on block_3 while avoiding unstable edge and contact-risk placement,"supported_by(block_1, block_3)",block_1,block_3,1,,1.0,1,1,0,0,6,3,1.0,0.0,0.0,,,66.0,medium,success,0,fallback_symbolic_effects
constrained_support_block1_on_block3,state_004_t4,4,far_offset_bt,far_offset_bt,experiments/bt_selection_benchmark/bt_candidates_v6_hard_cases/constrained_support_block1_on_block3/far_offset_bt.json,place block_1 on block_3 while avoiding unstable edge and contact-risk placement,"supported_by(block_1, block_3)",block_1,block_3,1,,1.0,1,1,0,0,6,3,1.0,0.0,0.0,,,66.0,medium,success,0,fallback_symbolic_effects
