selector,task_id,initial_state_id,selected_candidate_id,selected_candidate_type,selected_symbolic_success,selected_sim_success,selected_goal_satisfaction,selected_model_score,selected_true_score,oracle_candidate_id,oracle_candidate_type,oracle_symbolic_success,oracle_sim_success,oracle_true_score,regret
rule_based_symbolic,place_block3_on_block5,state_000_t0,correct_bt,correct_bt,1,1,1.0,80.4,165.460484,correct_bt,correct_bt,1,1,165.460484,0.0
rule_based_symbolic,place_block1_on_block5,state_000_t0,correct_bt,correct_bt,1,1,1.0,80.4,165.27276,correct_bt,correct_bt,1,1,165.27276,0.0
rule_based_symbolic,place_block2_on_block6,state_000_t0,correct_bt,correct_bt,1,1,1.0,80.4,165.605832,correct_bt,correct_bt,1,1,165.605832,0.0
rule_based_symbolic,stack_block3_on_block1,state_000_t0,correct_bt,correct_bt,1,0,1.0,80.4,64.104846,correct_bt,correct_bt,1,0,64.104846,0.0
rule_based_symbolic,place_block3_on_block5,state_001_t1,correct_bt,correct_bt,1,1,1.0,80.4,164.657072,correct_bt,correct_bt,1,1,164.657072,0.0
rule_based_symbolic,place_block1_on_block5,state_001_t1,correct_bt,correct_bt,1,1,1.0,80.4,164.52254,correct_bt,correct_bt,1,1,164.52254,0.0
rule_based_symbolic,place_block2_on_block6,state_001_t1,correct_bt,correct_bt,1,1,1.0,80.4,165.162988,correct_bt,correct_bt,1,1,165.162988,0.0
rule_based_symbolic,stack_block3_on_block1,state_001_t1,correct_bt,correct_bt,1,1,1.0,80.4,164.396802,correct_bt,correct_bt,1,1,164.396802,0.0
rule_based_symbolic,place_block3_on_block5,state_002_t2,correct_bt,correct_bt,1,1,1.0,80.4,164.552812,correct_bt,correct_bt,1,1,164.552812,0.0
rule_based_symbolic,place_block1_on_block5,state_002_t2,correct_bt,correct_bt,1,1,1.0,80.4,164.89119,correct_bt,correct_bt,1,1,164.89119,0.0
rule_based_symbolic,place_block2_on_block6,state_002_t2,correct_bt,correct_bt,1,1,1.0,80.4,164.902424,correct_bt,correct_bt,1,1,164.902424,0.0
rule_based_symbolic,stack_block3_on_block1,state_002_t2,correct_bt,correct_bt,1,0,1.0,80.4,63.860424,correct_bt,correct_bt,1,0,63.860424,0.0
rule_based_symbolic,place_block3_on_block5,state_003_t3,correct_bt,correct_bt,1,1,1.0,80.4,164.699596,correct_bt,correct_bt,1,1,164.699596,0.0
rule_based_symbolic,place_block1_on_block5,state_003_t3,correct_bt,correct_bt,1,1,1.0,80.4,164.542148,correct_bt,correct_bt,1,1,164.542148,0.0
rule_based_symbolic,place_block2_on_block6,state_003_t3,correct_bt,correct_bt,1,1,1.0,80.4,164.728642,correct_bt,correct_bt,1,1,164.728642,0.0
rule_based_symbolic,stack_block3_on_block1,state_003_t3,correct_bt,correct_bt,1,0,1.0,80.4,63.812568,correct_bt,correct_bt,1,0,63.812568,0.0
rule_based_symbolic,place_block3_on_block5,state_004_t4,correct_bt,correct_bt,1,1,1.0,80.4,164.680864,correct_bt,correct_bt,1,1,164.680864,0.0
rule_based_symbolic,place_block1_on_block5,state_004_t4,correct_bt,correct_bt,1,1,1.0,80.4,164.359184,correct_bt,correct_bt,1,1,164.359184,0.0
rule_based_symbolic,place_block2_on_block6,state_004_t4,correct_bt,correct_bt,1,1,1.0,80.4,164.707854,correct_bt,correct_bt,1,1,164.707854,0.0
rule_based_symbolic,stack_block3_on_block1,state_004_t4,correct_bt,correct_bt,1,0,1.0,80.4,63.910868,correct_bt,correct_bt,1,0,63.910868,0.0
rule_based_simulation,place_block3_on_block5,state_000_t0,correct_bt,correct_bt,1,1,1.0,169.06969,165.460484,correct_bt,correct_bt,1,1,165.460484,0.0
rule_based_simulation,place_block1_on_block5,state_000_t0,correct_bt,correct_bt,1,1,1.0,168.61445,165.27276,correct_bt,correct_bt,1,1,165.27276,0.0
rule_based_simulation,place_block2_on_block6,state_000_t0,correct_bt,correct_bt,1,1,1.0,169.422545,165.605832,correct_bt,correct_bt,1,1,165.605832,0.0
rule_based_simulation,stack_block3_on_block1,state_000_t0,correct_bt,correct_bt,1,0,1.0,66.8588,64.104846,correct_bt,correct_bt,1,0,64.104846,0.0
rule_based_simulation,place_block3_on_block5,state_001_t1,correct_bt,correct_bt,1,1,1.0,167.092105,164.657072,correct_bt,correct_bt,1,1,164.657072,0.0
rule_based_simulation,place_block1_on_block5,state_001_t1,correct_bt,correct_bt,1,1,1.0,166.79212,164.52254,correct_bt,correct_bt,1,1,164.52254,0.0
rule_based_simulation,place_block2_on_block6,state_001_t1,correct_bt,correct_bt,1,1,1.0,168.42258,165.162988,correct_bt,correct_bt,1,1,165.162988,0.0
rule_based_simulation,stack_block3_on_block1,state_001_t1,correct_bt,correct_bt,1,1,1.0,166.584665,164.396802,correct_bt,correct_bt,1,1,164.396802,0.0
rule_based_simulation,place_block3_on_block5,state_002_t2,correct_bt,correct_bt,1,1,1.0,166.80627,164.552812,correct_bt,correct_bt,1,1,164.552812,0.0
rule_based_simulation,place_block1_on_block5,state_002_t2,correct_bt,correct_bt,1,1,1.0,167.642585,164.89119,correct_bt,correct_bt,1,1,164.89119,0.0
rule_based_simulation,place_block2_on_block6,state_002_t2,correct_bt,correct_bt,1,1,1.0,167.66935,164.902424,correct_bt,correct_bt,1,1,164.902424,0.0
rule_based_simulation,stack_block3_on_block1,state_002_t2,correct_bt,correct_bt,1,0,1.0,66.398795,63.860424,correct_bt,correct_bt,1,0,63.860424,0.0
rule_based_simulation,place_block3_on_block5,state_003_t3,correct_bt,correct_bt,1,1,1.0,167.189475,164.699596,correct_bt,correct_bt,1,1,164.699596,0.0
rule_based_simulation,place_block1_on_block5,state_003_t3,correct_bt,correct_bt,1,1,1.0,166.927855,164.542148,correct_bt,correct_bt,1,1,164.542148,0.0
rule_based_simulation,place_block2_on_block6,state_003_t3,correct_bt,correct_bt,1,1,1.0,167.323125,164.728642,correct_bt,correct_bt,1,1,164.728642,0.0
rule_based_simulation,stack_block3_on_block1,state_003_t3,correct_bt,correct_bt,1,0,1.0,66.316445,63.812568,correct_bt,correct_bt,1,0,63.812568,0.0
rule_based_simulation,place_block3_on_block5,state_004_t4,correct_bt,correct_bt,1,1,1.0,167.213115,164.680864,correct_bt,correct_bt,1,1,164.680864,0.0
rule_based_simulation,place_block1_on_block5,state_004_t4,correct_bt,correct_bt,1,1,1.0,166.469515,164.359184,correct_bt,correct_bt,1,1,164.359184,0.0
rule_based_simulation,place_block2_on_block6,state_004_t4,correct_bt,correct_bt,1,1,1.0,167.21567,164.707854,correct_bt,correct_bt,1,1,164.707854,0.0
rule_based_simulation,stack_block3_on_block1,state_004_t4,correct_bt,correct_bt,1,0,1.0,66.46606,63.910868,correct_bt,correct_bt,1,0,63.910868,0.0
