selector,task_id,initial_state_id,selected_candidate_id,selected_candidate_type,selected_symbolic_success,selected_goal_satisfaction,selected_score,oracle_candidate_id,oracle_candidate_type,oracle_symbolic_success,oracle_score,regret
first_candidate,place_block3_on_block5,state_000_t0,correct_bt,correct_bt,1,1.0,164.93261,center_place_bt,center_place_bt,1,165.350774,0.418164
first_candidate,place_block1_on_block5,state_000_t0,correct_bt,correct_bt,1,1.0,165.45605,edge_place_bt,edge_place_bt,1,165.484522,0.028472
first_candidate,stack_block1_on_block3,state_000_t0,correct_bt,correct_bt,1,1.0,64.469396,corner_place_bt,corner_place_bt,1,64.51488,0.045484
first_candidate,stack_block3_on_block1,state_000_t0,correct_bt,correct_bt,1,1.0,65.544102,correct_bt,correct_bt,1,65.544102,0.0
first_candidate,place_block3_on_block5,state_001_t1,correct_bt,correct_bt,1,1.0,164.361252,center_place_bt,center_place_bt,1,164.814644,0.453392
first_candidate,place_block1_on_block5,state_001_t1,correct_bt,correct_bt,1,1.0,164.529304,corner_place_bt,corner_place_bt,1,164.811798,0.282494
first_candidate,stack_block1_on_block3,state_001_t1,correct_bt,correct_bt,1,1.0,63.737034,far_offset_bt,far_offset_bt,1,64.566468,0.829434
first_candidate,stack_block3_on_block1,state_001_t1,correct_bt,correct_bt,1,1.0,63.7695,far_offset_bt,far_offset_bt,1,64.75932,0.98982
first_candidate,place_block3_on_block5,state_002_t2,correct_bt,correct_bt,1,1.0,164.432934,center_place_bt,center_place_bt,1,164.885536,0.452602
first_candidate,place_block1_on_block5,state_002_t2,correct_bt,correct_bt,1,1.0,164.593468,edge_place_bt,edge_place_bt,1,164.8298,0.236332
first_candidate,stack_block1_on_block3,state_002_t2,correct_bt,correct_bt,1,1.0,63.855304,over_edge_bt,over_edge_bt,1,164.772698,100.917394
first_candidate,stack_block3_on_block1,state_002_t2,correct_bt,correct_bt,1,1.0,64.057846,correct_bt,correct_bt,1,64.057846,0.0
first_candidate,place_block3_on_block5,state_003_t3,correct_bt,correct_bt,1,1.0,164.517456,corner_place_bt,corner_place_bt,1,164.536684,0.019228
first_candidate,place_block1_on_block5,state_003_t3,correct_bt,correct_bt,1,1.0,164.6193,edge_place_bt,edge_place_bt,1,164.863098,0.243798
first_candidate,stack_block1_on_block3,state_003_t3,correct_bt,correct_bt,1,1.0,63.903356,corner_place_bt,corner_place_bt,1,63.958494,0.055138
first_candidate,stack_block3_on_block1,state_003_t3,correct_bt,correct_bt,1,1.0,63.832388,edge_place_bt,edge_place_bt,1,63.932232,0.099844
first_candidate,place_block3_on_block5,state_004_t4,correct_bt,correct_bt,1,1.0,164.799034,center_place_bt,center_place_bt,1,164.834066,0.035032
first_candidate,place_block1_on_block5,state_004_t4,correct_bt,correct_bt,1,1.0,164.663202,center_place_bt,center_place_bt,1,164.869246,0.206044
first_candidate,stack_block1_on_block3,state_004_t4,correct_bt,correct_bt,1,1.0,63.805562,center_place_bt,center_place_bt,1,63.92953,0.123968
first_candidate,stack_block3_on_block1,state_004_t4,correct_bt,correct_bt,1,1.0,64.05543,correct_bt,correct_bt,1,64.05543,0.0
shortest_tree,place_block3_on_block5,state_000_t0,correct_bt,correct_bt,1,1.0,164.93261,center_place_bt,center_place_bt,1,165.350774,0.418164
shortest_tree,place_block1_on_block5,state_000_t0,correct_bt,correct_bt,1,1.0,165.45605,edge_place_bt,edge_place_bt,1,165.484522,0.028472
shortest_tree,stack_block1_on_block3,state_000_t0,correct_bt,correct_bt,1,1.0,64.469396,corner_place_bt,corner_place_bt,1,64.51488,0.045484
shortest_tree,stack_block3_on_block1,state_000_t0,correct_bt,correct_bt,1,1.0,65.544102,correct_bt,correct_bt,1,65.544102,0.0
shortest_tree,place_block3_on_block5,state_001_t1,correct_bt,correct_bt,1,1.0,164.361252,center_place_bt,center_place_bt,1,164.814644,0.453392
shortest_tree,place_block1_on_block5,state_001_t1,correct_bt,correct_bt,1,1.0,164.529304,corner_place_bt,corner_place_bt,1,164.811798,0.282494
shortest_tree,stack_block1_on_block3,state_001_t1,correct_bt,correct_bt,1,1.0,63.737034,far_offset_bt,far_offset_bt,1,64.566468,0.829434
shortest_tree,stack_block3_on_block1,state_001_t1,correct_bt,correct_bt,1,1.0,63.7695,far_offset_bt,far_offset_bt,1,64.75932,0.98982
shortest_tree,place_block3_on_block5,state_002_t2,correct_bt,correct_bt,1,1.0,164.432934,center_place_bt,center_place_bt,1,164.885536,0.452602
shortest_tree,place_block1_on_block5,state_002_t2,correct_bt,correct_bt,1,1.0,164.593468,edge_place_bt,edge_place_bt,1,164.8298,0.236332
shortest_tree,stack_block1_on_block3,state_002_t2,correct_bt,correct_bt,1,1.0,63.855304,over_edge_bt,over_edge_bt,1,164.772698,100.917394
shortest_tree,stack_block3_on_block1,state_002_t2,correct_bt,correct_bt,1,1.0,64.057846,correct_bt,correct_bt,1,64.057846,0.0
shortest_tree,place_block3_on_block5,state_003_t3,correct_bt,correct_bt,1,1.0,164.517456,corner_place_bt,corner_place_bt,1,164.536684,0.019228
shortest_tree,place_block1_on_block5,state_003_t3,correct_bt,correct_bt,1,1.0,164.6193,edge_place_bt,edge_place_bt,1,164.863098,0.243798
shortest_tree,stack_block1_on_block3,state_003_t3,correct_bt,correct_bt,1,1.0,63.903356,corner_place_bt,corner_place_bt,1,63.958494,0.055138
shortest_tree,stack_block3_on_block1,state_003_t3,correct_bt,correct_bt,1,1.0,63.832388,edge_place_bt,edge_place_bt,1,63.932232,0.099844
shortest_tree,place_block3_on_block5,state_004_t4,correct_bt,correct_bt,1,1.0,164.799034,center_place_bt,center_place_bt,1,164.834066,0.035032
shortest_tree,place_block1_on_block5,state_004_t4,correct_bt,correct_bt,1,1.0,164.663202,center_place_bt,center_place_bt,1,164.869246,0.206044
shortest_tree,stack_block1_on_block3,state_004_t4,correct_bt,correct_bt,1,1.0,63.805562,center_place_bt,center_place_bt,1,63.92953,0.123968
shortest_tree,stack_block3_on_block1,state_004_t4,correct_bt,correct_bt,1,1.0,64.05543,correct_bt,correct_bt,1,64.05543,0.0
symbolic_success,place_block3_on_block5,state_000_t0,correct_bt,correct_bt,1,1.0,164.93261,center_place_bt,center_place_bt,1,165.350774,0.418164
symbolic_success,place_block1_on_block5,state_000_t0,correct_bt,correct_bt,1,1.0,165.45605,edge_place_bt,edge_place_bt,1,165.484522,0.028472
symbolic_success,stack_block1_on_block3,state_000_t0,correct_bt,correct_bt,1,1.0,64.469396,corner_place_bt,corner_place_bt,1,64.51488,0.045484
symbolic_success,stack_block3_on_block1,state_000_t0,correct_bt,correct_bt,1,1.0,65.544102,correct_bt,correct_bt,1,65.544102,0.0
symbolic_success,place_block3_on_block5,state_001_t1,correct_bt,correct_bt,1,1.0,164.361252,center_place_bt,center_place_bt,1,164.814644,0.453392
symbolic_success,place_block1_on_block5,state_001_t1,correct_bt,correct_bt,1,1.0,164.529304,corner_place_bt,corner_place_bt,1,164.811798,0.282494
symbolic_success,stack_block1_on_block3,state_001_t1,correct_bt,correct_bt,1,1.0,63.737034,far_offset_bt,far_offset_bt,1,64.566468,0.829434
symbolic_success,stack_block3_on_block1,state_001_t1,correct_bt,correct_bt,1,1.0,63.7695,far_offset_bt,far_offset_bt,1,64.75932,0.98982
symbolic_success,place_block3_on_block5,state_002_t2,correct_bt,correct_bt,1,1.0,164.432934,center_place_bt,center_place_bt,1,164.885536,0.452602
symbolic_success,place_block1_on_block5,state_002_t2,correct_bt,correct_bt,1,1.0,164.593468,edge_place_bt,edge_place_bt,1,164.8298,0.236332
symbolic_success,stack_block1_on_block3,state_002_t2,correct_bt,correct_bt,1,1.0,63.855304,over_edge_bt,over_edge_bt,1,164.772698,100.917394
symbolic_success,stack_block3_on_block1,state_002_t2,correct_bt,correct_bt,1,1.0,64.057846,correct_bt,correct_bt,1,64.057846,0.0
symbolic_success,place_block3_on_block5,state_003_t3,correct_bt,correct_bt,1,1.0,164.517456,corner_place_bt,corner_place_bt,1,164.536684,0.019228
symbolic_success,place_block1_on_block5,state_003_t3,correct_bt,correct_bt,1,1.0,164.6193,edge_place_bt,edge_place_bt,1,164.863098,0.243798
symbolic_success,stack_block1_on_block3,state_003_t3,correct_bt,correct_bt,1,1.0,63.903356,corner_place_bt,corner_place_bt,1,63.958494,0.055138
symbolic_success,stack_block3_on_block1,state_003_t3,correct_bt,correct_bt,1,1.0,63.832388,edge_place_bt,edge_place_bt,1,63.932232,0.099844
symbolic_success,place_block3_on_block5,state_004_t4,correct_bt,correct_bt,1,1.0,164.799034,center_place_bt,center_place_bt,1,164.834066,0.035032
symbolic_success,place_block1_on_block5,state_004_t4,correct_bt,correct_bt,1,1.0,164.663202,center_place_bt,center_place_bt,1,164.869246,0.206044
symbolic_success,stack_block1_on_block3,state_004_t4,correct_bt,correct_bt,1,1.0,63.805562,center_place_bt,center_place_bt,1,63.92953,0.123968
symbolic_success,stack_block3_on_block1,state_004_t4,correct_bt,correct_bt,1,1.0,64.05543,correct_bt,correct_bt,1,64.05543,0.0
rule_based,place_block3_on_block5,state_000_t0,correct_bt,correct_bt,1,1.0,164.93261,center_place_bt,center_place_bt,1,165.350774,0.418164
rule_based,place_block1_on_block5,state_000_t0,correct_bt,correct_bt,1,1.0,165.45605,edge_place_bt,edge_place_bt,1,165.484522,0.028472
rule_based,stack_block1_on_block3,state_000_t0,correct_bt,correct_bt,1,1.0,64.469396,corner_place_bt,corner_place_bt,1,64.51488,0.045484
rule_based,stack_block3_on_block1,state_000_t0,correct_bt,correct_bt,1,1.0,65.544102,correct_bt,correct_bt,1,65.544102,0.0
rule_based,place_block3_on_block5,state_001_t1,correct_bt,correct_bt,1,1.0,164.361252,center_place_bt,center_place_bt,1,164.814644,0.453392
rule_based,place_block1_on_block5,state_001_t1,correct_bt,correct_bt,1,1.0,164.529304,corner_place_bt,corner_place_bt,1,164.811798,0.282494
rule_based,stack_block1_on_block3,state_001_t1,correct_bt,correct_bt,1,1.0,63.737034,far_offset_bt,far_offset_bt,1,64.566468,0.829434
rule_based,stack_block3_on_block1,state_001_t1,correct_bt,correct_bt,1,1.0,63.7695,far_offset_bt,far_offset_bt,1,64.75932,0.98982
rule_based,place_block3_on_block5,state_002_t2,correct_bt,correct_bt,1,1.0,164.432934,center_place_bt,center_place_bt,1,164.885536,0.452602
rule_based,place_block1_on_block5,state_002_t2,correct_bt,correct_bt,1,1.0,164.593468,edge_place_bt,edge_place_bt,1,164.8298,0.236332
rule_based,stack_block1_on_block3,state_002_t2,correct_bt,correct_bt,1,1.0,63.855304,over_edge_bt,over_edge_bt,1,164.772698,100.917394
rule_based,stack_block3_on_block1,state_002_t2,correct_bt,correct_bt,1,1.0,64.057846,correct_bt,correct_bt,1,64.057846,0.0
rule_based,place_block3_on_block5,state_003_t3,correct_bt,correct_bt,1,1.0,164.517456,corner_place_bt,corner_place_bt,1,164.536684,0.019228
rule_based,place_block1_on_block5,state_003_t3,correct_bt,correct_bt,1,1.0,164.6193,edge_place_bt,edge_place_bt,1,164.863098,0.243798
rule_based,stack_block1_on_block3,state_003_t3,correct_bt,correct_bt,1,1.0,63.903356,corner_place_bt,corner_place_bt,1,63.958494,0.055138
rule_based,stack_block3_on_block1,state_003_t3,correct_bt,correct_bt,1,1.0,63.832388,edge_place_bt,edge_place_bt,1,63.932232,0.099844
rule_based,place_block3_on_block5,state_004_t4,correct_bt,correct_bt,1,1.0,164.799034,center_place_bt,center_place_bt,1,164.834066,0.035032
rule_based,place_block1_on_block5,state_004_t4,correct_bt,correct_bt,1,1.0,164.663202,center_place_bt,center_place_bt,1,164.869246,0.206044
rule_based,stack_block1_on_block3,state_004_t4,correct_bt,correct_bt,1,1.0,63.805562,center_place_bt,center_place_bt,1,63.92953,0.123968
rule_based,stack_block3_on_block1,state_004_t4,correct_bt,correct_bt,1,1.0,64.05543,correct_bt,correct_bt,1,64.05543,0.0
oracle,place_block3_on_block5,state_000_t0,center_place_bt,center_place_bt,1,1.0,165.350774,center_place_bt,center_place_bt,1,165.350774,0.0
oracle,place_block1_on_block5,state_000_t0,edge_place_bt,edge_place_bt,1,1.0,165.484522,edge_place_bt,edge_place_bt,1,165.484522,0.0
oracle,stack_block1_on_block3,state_000_t0,corner_place_bt,corner_place_bt,1,1.0,64.51488,corner_place_bt,corner_place_bt,1,64.51488,0.0
oracle,stack_block3_on_block1,state_000_t0,correct_bt,correct_bt,1,1.0,65.544102,correct_bt,correct_bt,1,65.544102,0.0
oracle,place_block3_on_block5,state_001_t1,center_place_bt,center_place_bt,1,1.0,164.814644,center_place_bt,center_place_bt,1,164.814644,0.0
oracle,place_block1_on_block5,state_001_t1,corner_place_bt,corner_place_bt,1,1.0,164.811798,corner_place_bt,corner_place_bt,1,164.811798,0.0
oracle,stack_block1_on_block3,state_001_t1,far_offset_bt,far_offset_bt,1,1.0,64.566468,far_offset_bt,far_offset_bt,1,64.566468,0.0
oracle,stack_block3_on_block1,state_001_t1,far_offset_bt,far_offset_bt,1,1.0,64.75932,far_offset_bt,far_offset_bt,1,64.75932,0.0
oracle,place_block3_on_block5,state_002_t2,center_place_bt,center_place_bt,1,1.0,164.885536,center_place_bt,center_place_bt,1,164.885536,0.0
oracle,place_block1_on_block5,state_002_t2,edge_place_bt,edge_place_bt,1,1.0,164.8298,edge_place_bt,edge_place_bt,1,164.8298,0.0
oracle,stack_block1_on_block3,state_002_t2,over_edge_bt,over_edge_bt,1,1.0,164.772698,over_edge_bt,over_edge_bt,1,164.772698,0.0
oracle,stack_block3_on_block1,state_002_t2,correct_bt,correct_bt,1,1.0,64.057846,correct_bt,correct_bt,1,64.057846,0.0
oracle,place_block3_on_block5,state_003_t3,corner_place_bt,corner_place_bt,1,1.0,164.536684,corner_place_bt,corner_place_bt,1,164.536684,0.0
oracle,place_block1_on_block5,state_003_t3,edge_place_bt,edge_place_bt,1,1.0,164.863098,edge_place_bt,edge_place_bt,1,164.863098,0.0
oracle,stack_block1_on_block3,state_003_t3,corner_place_bt,corner_place_bt,1,1.0,63.958494,corner_place_bt,corner_place_bt,1,63.958494,0.0
oracle,stack_block3_on_block1,state_003_t3,edge_place_bt,edge_place_bt,1,1.0,63.932232,edge_place_bt,edge_place_bt,1,63.932232,0.0
oracle,place_block3_on_block5,state_004_t4,center_place_bt,center_place_bt,1,1.0,164.834066,center_place_bt,center_place_bt,1,164.834066,0.0
oracle,place_block1_on_block5,state_004_t4,center_place_bt,center_place_bt,1,1.0,164.869246,center_place_bt,center_place_bt,1,164.869246,0.0
oracle,stack_block1_on_block3,state_004_t4,center_place_bt,center_place_bt,1,1.0,63.92953,center_place_bt,center_place_bt,1,63.92953,0.0
oracle,stack_block3_on_block1,state_004_t4,correct_bt,correct_bt,1,1.0,64.05543,correct_bt,correct_bt,1,64.05543,0.0
