task_id,candidate_type,count,sim_success_rate,mean_score,mean_final_position_error,mean_object_displacement_error,contact_violation_rate
place_block1_on_block5,center_place_bt,5,1,164.86682,0.004064,0.54627,1
place_block1_on_block5,corner_place_bt,5,1,164.742565,0.008086,0.588286,1
place_block1_on_block5,correct_bt,5,1,164.772265,0.00413,0.59322,1
place_block1_on_block5,edge_place_bt,5,1,164.90421,0.002191,0.536941,1
place_block1_on_block5,far_offset_bt,5,0,60.95567,0.383429,0.605022,1
place_block1_on_block5,over_edge_bt,5,0,60.983562,0.377399,0.621224,1
place_block3_on_block5,center_place_bt,5,1,164.87962,0.001905,0.550667,1
place_block3_on_block5,corner_place_bt,5,1,164.672481,0.002653,0.650497,1
place_block3_on_block5,correct_bt,5,1,164.608657,0.004535,0.672998,1
place_block3_on_block5,edge_place_bt,5,1,164.6946,0.004071,0.632346,1
place_block3_on_block5,far_offset_bt,5,0,60.951511,0.376668,0.640904,1
place_block3_on_block5,over_edge_bt,5,0,60.976986,0.375276,0.635125,1
stack_block1_on_block3,center_place_bt,5,0,63.844826,0.08305,0.662336,1
stack_block1_on_block3,corner_place_bt,5,0,64.037466,0.073544,0.613546,1
stack_block1_on_block3,correct_bt,5,0,63.95413,0.082502,0.610424,1
stack_block1_on_block3,edge_place_bt,5,0,63.947503,0.084966,0.601417,1
stack_block1_on_block3,far_offset_bt,5,0,62.625151,0.222824,0.573305,1
stack_block1_on_block3,over_edge_bt,5,0.2,84.098176,0.067128,0.615271,1
stack_block3_on_block1,center_place_bt,5,0,63.940332,0.082741,0.616128,1
stack_block3_on_block1,corner_place_bt,5,0,64.047398,0.086163,0.545484,1
stack_block3_on_block1,correct_bt,5,0,64.251853,0.067056,0.538792,1
stack_block3_on_block1,edge_place_bt,5,0,63.855682,0.087127,0.636525,1
stack_block3_on_block1,far_offset_bt,5,0,63.990535,0.071824,0.645613,1
stack_block3_on_block1,over_edge_bt,5,0,63.809231,0.093065,0.63006,1
