task_id,candidate_type,count,done_count,skipped_count,symbolic_success_rate,sim_success_rate,mean_score,mean_final_position_error,mean_object_displacement_error,contact_violation_rate
place_block1_on_block5,correct_bt,5,5,0,1,1,164.717564,0.00636,0.60942,1
place_block1_on_block5,missing_precondition_bt,5,5,0,1,1,155.300508,0.004127,0.579111,1
place_block1_on_block5,redundant_bt,5,5,0,1,1,163.739343,0.003919,0.610736,1
place_block1_on_block5,unsafe_or_invalid_bt,5,0,5,0.6,,15.0,,,
place_block1_on_block5,wrong_object_bt,5,5,0,0.6,0,11.711344,0.54291,0.429776,1
place_block1_on_block5,wrong_support_bt,5,5,0,0.6,0,22.357056,0.452818,0.557383,1
place_block2_on_block6,correct_bt,5,5,0,1,1,165.021548,0.003786,0.470298,1
place_block2_on_block6,missing_precondition_bt,5,5,0,1,1,155.507802,0.004256,0.474821,1
place_block2_on_block6,redundant_bt,5,5,0,1,1,164.058841,0.005544,0.442859,1
place_block2_on_block6,unsafe_or_invalid_bt,5,0,5,0,,-33.0,,,
place_block2_on_block6,wrong_object_bt,5,5,0,0,0,-34.87105,0.951551,0.677769,1
place_block2_on_block6,wrong_support_bt,5,5,0,0,0,-19.607616,0.463055,0.488532,1
place_block3_on_block5,correct_bt,5,5,0,1,1,164.810166,0.003248,0.578678,1
place_block3_on_block5,missing_precondition_bt,5,5,0,1,1,155.200972,0.002485,0.637087,1
place_block3_on_block5,redundant_bt,5,5,0,1,1,163.750982,0.00345,0.607259,1
place_block3_on_block5,unsafe_or_invalid_bt,5,0,5,0.4,,-1.0,,,
place_block3_on_block5,wrong_object_bt,5,5,0,0.4,0,-3.010643,0.578728,0.611684,1
place_block3_on_block5,wrong_support_bt,5,5,0,0.4,0,8.180763,0.461339,0.602923,1
stack_block3_on_block1,correct_bt,5,5,0,1,0.2,84.017102,0.072147,0.630716,1
stack_block3_on_block1,missing_precondition_bt,5,5,0,1,0,54.382403,0.088498,0.616309,1
stack_block3_on_block1,redundant_bt,5,5,0,1,0,63.022112,0.071378,0.632054,1
stack_block3_on_block1,unsafe_or_invalid_bt,5,0,5,0,,-33.0,,,
stack_block3_on_block1,wrong_object_bt,5,5,0,0,0,-29.719256,0.439532,0.661968,1
stack_block3_on_block1,wrong_support_bt,5,5,0,0,0,-20.889514,0.559142,0.649046,1
