selector_group_id,selected_candidate,oracle_candidate,selected_sim_success,selected_true_score,oracle_true_score,regret,selector
v1_supported_by::state_000_t0::place_block3_on_block5,missing_precondition_bt,correct_bt,1.0,154.15366,154.76969,0.616029999999995,learned_pairwise
v1_supported_by::state_000_t0::place_block1_on_block5,missing_precondition_bt,missing_precondition_bt,1.0,155.38221,155.38221,0.0,learned_pairwise
v1_supported_by::state_000_t0::place_block2_on_block6,missing_precondition_bt,correct_bt,1.0,155.08305000000001,155.12254499999997,0.039494999999959646,learned_pairwise
v1_supported_by::state_000_t0::stack_block3_on_block1,missing_precondition_bt,missing_precondition_bt,0.0,53.01372,53.01372,0.0,learned_pairwise
v1_supported_by::state_001_t1::place_block3_on_block5,missing_precondition_bt,missing_precondition_bt,1.0,153.78701999999998,153.78701999999998,0.0,learned_pairwise
v1_supported_by::state_001_t1::place_block1_on_block5,missing_precondition_bt,missing_precondition_bt,1.0,153.44245999999998,153.44245999999998,0.0,learned_pairwise
v1_supported_by::state_001_t1::place_block2_on_block6,missing_precondition_bt,missing_precondition_bt,1.0,155.39746499999998,155.39746499999998,0.0,learned_pairwise
v1_supported_by::state_001_t1::stack_block3_on_block1,correct_bt,correct_bt,1.0,152.284665,152.284665,0.0,learned_pairwise
v1_supported_by::state_002_t2::place_block3_on_block5,missing_precondition_bt,missing_precondition_bt,1.0,152.837325,152.837325,0.0,learned_pairwise
v1_supported_by::state_002_t2::place_block1_on_block5,missing_precondition_bt,missing_precondition_bt,1.0,153.367215,153.367215,0.0,learned_pairwise
v1_supported_by::state_002_t2::place_block2_on_block6,missing_precondition_bt,missing_precondition_bt,1.0,154.40586499999998,154.40586499999998,0.0,learned_pairwise
v1_supported_by::state_002_t2::stack_block3_on_block1,missing_precondition_bt,missing_precondition_bt,0.0,53.058159999999994,53.058159999999994,0.0,learned_pairwise
v1_supported_by::state_003_t3::place_block3_on_block5,missing_precondition_bt,missing_precondition_bt,1.0,152.9585,152.9585,0.0,learned_pairwise
v1_supported_by::state_003_t3::place_block1_on_block5,missing_precondition_bt,missing_precondition_bt,1.0,153.170655,153.170655,0.0,learned_pairwise
v1_supported_by::state_003_t3::place_block2_on_block6,missing_precondition_bt,missing_precondition_bt,1.0,153.193355,153.193355,0.0,learned_pairwise
v1_supported_by::state_003_t3::stack_block3_on_block1,missing_precondition_bt,missing_precondition_bt,0.0,52.122009999999996,52.122009999999996,0.0,learned_pairwise
v1_supported_by::state_004_t4::place_block3_on_block5,missing_precondition_bt,missing_precondition_bt,1.0,153.212055,153.212055,0.0,learned_pairwise
v1_supported_by::state_004_t4::place_block1_on_block5,missing_precondition_bt,missing_precondition_bt,1.0,152.95333,152.95333,0.0,learned_pairwise
v1_supported_by::state_004_t4::place_block2_on_block6,missing_precondition_bt,correct_bt,1.0,152.83695999999998,152.91567,0.07871000000002937,learned_pairwise
v1_supported_by::state_004_t4::stack_block3_on_block1,missing_precondition_bt,missing_precondition_bt,0.0,52.50782,52.50782,0.0,learned_pairwise
v2_stacking_probe::state_000_t0::place_block3_on_block5,missing_precondition_bt,missing_precondition_bt,1.0,155.51667,155.51667,0.0,learned_pairwise
v2_stacking_probe::state_000_t0::place_block1_on_block5,missing_precondition_bt,missing_precondition_bt,1.0,154.09874,154.09874,0.0,learned_pairwise
v2_stacking_probe::state_000_t0::place_block2_on_block6,missing_precondition_bt,missing_precondition_bt,1.0,155.06958,155.06958,0.0,learned_pairwise
v2_stacking_probe::state_000_t0::stack_block3_on_block1,missing_precondition_bt,correct_bt,0.0,53.217335,53.58803500000001,0.3707000000000136,learned_pairwise
v2_stacking_probe::state_000_t0::stack_block1_on_block3,missing_precondition_bt,missing_precondition_bt,0.0,53.34975000000001,53.34975000000001,0.0,learned_pairwise
v2_stacking_probe::state_000_t0::stack_block2_on_block1,missing_precondition_bt,missing_precondition_bt,0.0,54.67318500000001,54.67318500000001,0.0,learned_pairwise
v2_stacking_probe::state_000_t0::stack_block4_on_block1,missing_precondition_bt,correct_bt,0.0,53.26951999999999,54.844355,1.5748350000000073,learned_pairwise
v2_stacking_probe::state_000_t0::stack_block3_on_block2,missing_precondition_bt,missing_precondition_bt,0.0,54.023864999999994,54.023864999999994,0.0,learned_pairwise
v2_stacking_probe::state_001_t1::place_block3_on_block5,missing_precondition_bt,missing_precondition_bt,1.0,153.637755,153.637755,0.0,learned_pairwise
v2_stacking_probe::state_001_t1::place_block1_on_block5,missing_precondition_bt,correct_bt,1.0,153.109245,153.15418,0.044935000000009495,learned_pairwise
v2_stacking_probe::state_001_t1::place_block2_on_block6,missing_precondition_bt,correct_bt,1.0,153.84969,154.263415,0.41372499999999945,learned_pairwise
v2_stacking_probe::state_001_t1::stack_block3_on_block1,missing_precondition_bt,missing_precondition_bt,0.0,52.16401500000001,52.16401500000001,0.0,learned_pairwise
v2_stacking_probe::state_001_t1::stack_block1_on_block3,missing_precondition_bt,correct_bt,0.0,52.324885,52.36842500000001,0.04354000000000724,learned_pairwise
v2_stacking_probe::state_001_t1::stack_block2_on_block1,missing_precondition_bt,missing_precondition_bt,0.0,54.332580000000014,54.332580000000014,0.0,learned_pairwise
v2_stacking_probe::state_001_t1::stack_block4_on_block1,missing_precondition_bt,correct_bt,0.0,52.08799,52.320879999999995,0.2328899999999976,learned_pairwise
v2_stacking_probe::state_001_t1::stack_block3_on_block2,missing_precondition_bt,missing_precondition_bt,0.0,52.62513500000001,52.62513500000001,0.0,learned_pairwise
v2_stacking_probe::state_002_t2::place_block3_on_block5,missing_precondition_bt,missing_precondition_bt,1.0,153.66851999999997,153.66851999999997,0.0,learned_pairwise
v2_stacking_probe::state_002_t2::place_block1_on_block5,missing_precondition_bt,missing_precondition_bt,1.0,153.49909499999998,153.49909499999998,0.0,learned_pairwise
v2_stacking_probe::state_002_t2::place_block2_on_block6,missing_precondition_bt,missing_precondition_bt,1.0,154.400895,154.400895,0.0,learned_pairwise
v2_stacking_probe::state_002_t2::stack_block3_on_block1,missing_precondition_bt,missing_precondition_bt,0.0,52.167970000000004,52.167970000000004,0.0,learned_pairwise
v2_stacking_probe::state_002_t2::stack_block1_on_block3,correct_bt,correct_bt,1.0,152.50336,152.50336,0.0,learned_pairwise
v2_stacking_probe::state_002_t2::stack_block2_on_block1,missing_precondition_bt,missing_precondition_bt,0.0,53.06869,53.06869,0.0,learned_pairwise
v2_stacking_probe::state_002_t2::stack_block4_on_block1,missing_precondition_bt,correct_bt,0.0,52.16233999999999,52.195924999999995,0.033585000000002196,learned_pairwise
v2_stacking_probe::state_002_t2::stack_block3_on_block2,missing_precondition_bt,missing_precondition_bt,0.0,52.75409,52.75409,0.0,learned_pairwise
v2_stacking_probe::state_003_t3::place_block3_on_block5,missing_precondition_bt,correct_bt,1.0,152.95591,152.98246,0.026550000000014506,learned_pairwise
v2_stacking_probe::state_003_t3::place_block1_on_block5,missing_precondition_bt,missing_precondition_bt,1.0,152.9511,152.9511,0.0,learned_pairwise
v2_stacking_probe::state_003_t3::place_block2_on_block6,missing_precondition_bt,missing_precondition_bt,1.0,154.298035,154.298035,0.0,learned_pairwise
v2_stacking_probe::state_003_t3::stack_block3_on_block1,missing_precondition_bt,missing_precondition_bt,0.0,52.62147000000001,52.62147000000001,0.0,learned_pairwise
v2_stacking_probe::state_003_t3::stack_block1_on_block3,missing_precondition_bt,missing_precondition_bt,0.0,52.899449999999995,52.899449999999995,0.0,learned_pairwise
v2_stacking_probe::state_003_t3::stack_block2_on_block1,missing_precondition_bt,missing_precondition_bt,0.0,53.440715000000004,53.440715000000004,0.0,learned_pairwise
v2_stacking_probe::state_003_t3::stack_block4_on_block1,missing_precondition_bt,correct_bt,0.0,52.00723999999999,52.184525,0.1772850000000119,learned_pairwise
v2_stacking_probe::state_003_t3::stack_block3_on_block2,missing_precondition_bt,correct_bt,0.0,52.062734999999996,52.47686000000001,0.41412500000001273,learned_pairwise
v2_stacking_probe::state_004_t4::place_block3_on_block5,missing_precondition_bt,missing_precondition_bt,1.0,152.93769999999998,152.93769999999998,0.0,learned_pairwise
v2_stacking_probe::state_004_t4::place_block1_on_block5,missing_precondition_bt,missing_precondition_bt,1.0,153.72714,153.72714,0.0,learned_pairwise
v2_stacking_probe::state_004_t4::place_block2_on_block6,missing_precondition_bt,missing_precondition_bt,1.0,153.55688,153.55688,0.0,learned_pairwise
v2_stacking_probe::state_004_t4::stack_block3_on_block1,missing_precondition_bt,missing_precondition_bt,0.0,52.81371000000001,52.81371000000001,0.0,learned_pairwise
v2_stacking_probe::state_004_t4::stack_block1_on_block3,missing_precondition_bt,correct_bt,0.0,52.168195000000004,52.332585,0.16438999999999737,learned_pairwise
v2_stacking_probe::state_004_t4::stack_block2_on_block1,missing_precondition_bt,missing_precondition_bt,0.0,52.99184499999999,52.99184499999999,0.0,learned_pairwise
v2_stacking_probe::state_004_t4::stack_block4_on_block1,missing_precondition_bt,missing_precondition_bt,0.0,52.53132,52.53132,0.0,learned_pairwise
v2_stacking_probe::state_004_t4::stack_block3_on_block2,missing_precondition_bt,missing_precondition_bt,0.0,52.53896500000001,52.53896500000001,0.0,learned_pairwise
v2b_physical_strategy::state_000_t0::place_block3_on_block5,center_place_bt,center_place_bt,1.0,154.540805,154.540805,0.0,learned_pairwise
v2b_physical_strategy::state_000_t0::place_block1_on_block5,corner_place_bt,edge_place_bt,1.0,154.40667499999998,154.814875,0.4082000000000221,learned_pairwise
v2b_physical_strategy::state_000_t0::stack_block1_on_block3,center_place_bt,corner_place_bt,0.0,52.50613499999999,53.63685,1.1307150000000092,learned_pairwise
v2b_physical_strategy::state_000_t0::stack_block3_on_block1,center_place_bt,correct_bt,0.0,52.79023999999999,55.07473500000001,2.284495000000021,learned_pairwise
v2b_physical_strategy::state_001_t1::place_block3_on_block5,corner_place_bt,center_place_bt,1.0,152.60556499999998,153.143105,0.537540000000007,learned_pairwise
v2b_physical_strategy::state_001_t1::place_block1_on_block5,center_place_bt,corner_place_bt,1.0,153.1489,153.23799,0.08908999999999878,learned_pairwise
v2b_physical_strategy::state_001_t1::stack_block1_on_block3,corner_place_bt,far_offset_bt,0.0,51.64182499999999,52.62006,0.9782350000000122,learned_pairwise
v2b_physical_strategy::state_001_t1::stack_block3_on_block1,center_place_bt,far_offset_bt,0.0,51.986354999999996,53.114084999999996,1.1277299999999997,learned_pairwise
v2b_physical_strategy::state_002_t2::place_block3_on_block5,corner_place_bt,center_place_bt,1.0,152.73984000000002,153.321175,0.5813349999999957,learned_pairwise
v2b_physical_strategy::state_002_t2::place_block1_on_block5,center_place_bt,edge_place_bt,1.0,152.96132,153.22376,0.262439999999998,learned_pairwise
v2b_physical_strategy::state_002_t2::stack_block1_on_block3,over_edge_bt,over_edge_bt,1.0,153.20096,153.20096,0.0,learned_pairwise
v2b_physical_strategy::state_002_t2::stack_block3_on_block1,corner_place_bt,correct_bt,0.0,52.021589999999996,52.46297499999999,0.4413849999999968,learned_pairwise
v2b_physical_strategy::state_003_t3::place_block3_on_block5,center_place_bt,corner_place_bt,1.0,152.39093499999998,152.451895,0.060960000000022774,learned_pairwise
v2b_physical_strategy::state_003_t3::place_block1_on_block5,center_place_bt,edge_place_bt,1.0,152.998225,153.30749999999998,0.3092749999999853,learned_pairwise
v2b_physical_strategy::state_003_t3::stack_block1_on_block3,center_place_bt,corner_place_bt,0.0,52.057570000000005,52.24962,0.19204999999999472,learned_pairwise
v2b_physical_strategy::state_003_t3::stack_block3_on_block1,corner_place_bt,edge_place_bt,0.0,51.707950000000004,52.101045000000006,0.3930950000000024,learned_pairwise
v2b_physical_strategy::state_004_t4::place_block3_on_block5,center_place_bt,center_place_bt,1.0,153.242075,153.242075,0.0,learned_pairwise
v2b_physical_strategy::state_004_t4::place_block1_on_block5,corner_place_bt,center_place_bt,1.0,152.69662499999998,153.324175,0.6275500000000136,learned_pairwise
v2b_physical_strategy::state_004_t4::stack_block1_on_block3,corner_place_bt,center_place_bt,0.0,51.590714999999996,52.01614,0.42542500000000416,learned_pairwise
v2b_physical_strategy::state_004_t4::stack_block3_on_block1,center_place_bt,corner_place_bt,0.0,52.159715,52.45388500000001,0.29417000000000826,learned_pairwise
v1_supported_by::state_000_t0::place_block3_on_block5,missing_precondition_bt,correct_bt,1.0,154.15366,154.76969,0.616029999999995,symbolic_only
v1_supported_by::state_000_t0::place_block1_on_block5,missing_precondition_bt,missing_precondition_bt,1.0,155.38221,155.38221,0.0,symbolic_only
v1_supported_by::state_000_t0::place_block2_on_block6,missing_precondition_bt,correct_bt,1.0,155.08305000000001,155.12254499999997,0.039494999999959646,symbolic_only
v1_supported_by::state_000_t0::stack_block3_on_block1,missing_precondition_bt,missing_precondition_bt,0.0,53.01372,53.01372,0.0,symbolic_only
v1_supported_by::state_001_t1::place_block3_on_block5,missing_precondition_bt,missing_precondition_bt,1.0,153.78701999999998,153.78701999999998,0.0,symbolic_only
v1_supported_by::state_001_t1::place_block1_on_block5,missing_precondition_bt,missing_precondition_bt,1.0,153.44245999999998,153.44245999999998,0.0,symbolic_only
v1_supported_by::state_001_t1::place_block2_on_block6,missing_precondition_bt,missing_precondition_bt,1.0,155.39746499999998,155.39746499999998,0.0,symbolic_only
v1_supported_by::state_001_t1::stack_block3_on_block1,missing_precondition_bt,correct_bt,0.0,52.465675,152.284665,99.81898999999999,symbolic_only
v1_supported_by::state_002_t2::place_block3_on_block5,missing_precondition_bt,missing_precondition_bt,1.0,152.837325,152.837325,0.0,symbolic_only
v1_supported_by::state_002_t2::place_block1_on_block5,unsafe_or_invalid_bt,missing_precondition_bt,0.0,57.1,153.367215,96.267215,symbolic_only
v1_supported_by::state_002_t2::place_block2_on_block6,missing_precondition_bt,missing_precondition_bt,1.0,154.40586499999998,154.40586499999998,0.0,symbolic_only
v1_supported_by::state_002_t2::stack_block3_on_block1,missing_precondition_bt,missing_precondition_bt,0.0,53.058159999999994,53.058159999999994,0.0,symbolic_only
v1_supported_by::state_003_t3::place_block3_on_block5,unsafe_or_invalid_bt,missing_precondition_bt,0.0,57.1,152.9585,95.85849999999999,symbolic_only
v1_supported_by::state_003_t3::place_block1_on_block5,unsafe_or_invalid_bt,missing_precondition_bt,0.0,57.1,153.170655,96.07065500000002,symbolic_only
v1_supported_by::state_003_t3::place_block2_on_block6,missing_precondition_bt,missing_precondition_bt,1.0,153.193355,153.193355,0.0,symbolic_only
v1_supported_by::state_003_t3::stack_block3_on_block1,missing_precondition_bt,missing_precondition_bt,0.0,52.122009999999996,52.122009999999996,0.0,symbolic_only
v1_supported_by::state_004_t4::place_block3_on_block5,unsafe_or_invalid_bt,missing_precondition_bt,0.0,57.1,153.212055,96.112055,symbolic_only
v1_supported_by::state_004_t4::place_block1_on_block5,unsafe_or_invalid_bt,missing_precondition_bt,0.0,57.1,152.95333,95.85333,symbolic_only
v1_supported_by::state_004_t4::place_block2_on_block6,missing_precondition_bt,correct_bt,1.0,152.83695999999998,152.91567,0.07871000000002937,symbolic_only
v1_supported_by::state_004_t4::stack_block3_on_block1,missing_precondition_bt,missing_precondition_bt,0.0,52.50782,52.50782,0.0,symbolic_only
v2_stacking_probe::state_000_t0::place_block3_on_block5,missing_precondition_bt,missing_precondition_bt,1.0,155.51667,155.51667,0.0,symbolic_only
v2_stacking_probe::state_000_t0::place_block1_on_block5,missing_precondition_bt,missing_precondition_bt,1.0,154.09874,154.09874,0.0,symbolic_only
v2_stacking_probe::state_000_t0::place_block2_on_block6,missing_precondition_bt,missing_precondition_bt,1.0,155.06958,155.06958,0.0,symbolic_only
v2_stacking_probe::state_000_t0::stack_block3_on_block1,missing_precondition_bt,correct_bt,0.0,53.217335,53.58803500000001,0.3707000000000136,symbolic_only
v2_stacking_probe::state_000_t0::stack_block1_on_block3,missing_precondition_bt,missing_precondition_bt,0.0,53.34975000000001,53.34975000000001,0.0,symbolic_only
v2_stacking_probe::state_000_t0::stack_block2_on_block1,missing_precondition_bt,missing_precondition_bt,0.0,54.67318500000001,54.67318500000001,0.0,symbolic_only
v2_stacking_probe::state_000_t0::stack_block4_on_block1,missing_precondition_bt,correct_bt,0.0,53.26951999999999,54.844355,1.5748350000000073,symbolic_only
v2_stacking_probe::state_000_t0::stack_block3_on_block2,missing_precondition_bt,missing_precondition_bt,0.0,54.023864999999994,54.023864999999994,0.0,symbolic_only
v2_stacking_probe::state_001_t1::place_block3_on_block5,missing_precondition_bt,missing_precondition_bt,1.0,153.637755,153.637755,0.0,symbolic_only
v2_stacking_probe::state_001_t1::place_block1_on_block5,missing_precondition_bt,correct_bt,1.0,153.109245,153.15418,0.044935000000009495,symbolic_only
v2_stacking_probe::state_001_t1::place_block2_on_block6,missing_precondition_bt,correct_bt,1.0,153.84969,154.263415,0.41372499999999945,symbolic_only
v2_stacking_probe::state_001_t1::stack_block3_on_block1,missing_precondition_bt,missing_precondition_bt,0.0,52.16401500000001,52.16401500000001,0.0,symbolic_only
v2_stacking_probe::state_001_t1::stack_block1_on_block3,missing_precondition_bt,correct_bt,0.0,52.324885,52.36842500000001,0.04354000000000724,symbolic_only
v2_stacking_probe::state_001_t1::stack_block2_on_block1,missing_precondition_bt,missing_precondition_bt,0.0,54.332580000000014,54.332580000000014,0.0,symbolic_only
v2_stacking_probe::state_001_t1::stack_block4_on_block1,missing_precondition_bt,correct_bt,0.0,52.08799,52.320879999999995,0.2328899999999976,symbolic_only
v2_stacking_probe::state_001_t1::stack_block3_on_block2,missing_precondition_bt,missing_precondition_bt,0.0,52.62513500000001,52.62513500000001,0.0,symbolic_only
v2_stacking_probe::state_002_t2::place_block3_on_block5,missing_precondition_bt,missing_precondition_bt,1.0,153.66851999999997,153.66851999999997,0.0,symbolic_only
v2_stacking_probe::state_002_t2::place_block1_on_block5,unsafe_or_invalid_bt,missing_precondition_bt,0.0,57.1,153.49909499999998,96.39909499999999,symbolic_only
v2_stacking_probe::state_002_t2::place_block2_on_block6,missing_precondition_bt,missing_precondition_bt,1.0,154.400895,154.400895,0.0,symbolic_only
v2_stacking_probe::state_002_t2::stack_block3_on_block1,missing_precondition_bt,missing_precondition_bt,0.0,52.167970000000004,52.167970000000004,0.0,symbolic_only
v2_stacking_probe::state_002_t2::stack_block1_on_block3,missing_precondition_bt,correct_bt,0.0,53.48891,152.50336,99.01444999999998,symbolic_only
v2_stacking_probe::state_002_t2::stack_block2_on_block1,missing_precondition_bt,missing_precondition_bt,0.0,53.06869,53.06869,0.0,symbolic_only
v2_stacking_probe::state_002_t2::stack_block4_on_block1,missing_precondition_bt,correct_bt,0.0,52.16233999999999,52.195924999999995,0.033585000000002196,symbolic_only
v2_stacking_probe::state_002_t2::stack_block3_on_block2,missing_precondition_bt,missing_precondition_bt,0.0,52.75409,52.75409,0.0,symbolic_only
v2_stacking_probe::state_003_t3::place_block3_on_block5,unsafe_or_invalid_bt,correct_bt,0.0,57.1,152.98246,95.88246000000001,symbolic_only
v2_stacking_probe::state_003_t3::place_block1_on_block5,unsafe_or_invalid_bt,missing_precondition_bt,0.0,57.1,152.9511,95.8511,symbolic_only
v2_stacking_probe::state_003_t3::place_block2_on_block6,missing_precondition_bt,missing_precondition_bt,1.0,154.298035,154.298035,0.0,symbolic_only
v2_stacking_probe::state_003_t3::stack_block3_on_block1,missing_precondition_bt,missing_precondition_bt,0.0,52.62147000000001,52.62147000000001,0.0,symbolic_only
v2_stacking_probe::state_003_t3::stack_block1_on_block3,missing_precondition_bt,missing_precondition_bt,0.0,52.899449999999995,52.899449999999995,0.0,symbolic_only
v2_stacking_probe::state_003_t3::stack_block2_on_block1,missing_precondition_bt,missing_precondition_bt,0.0,53.440715000000004,53.440715000000004,0.0,symbolic_only
v2_stacking_probe::state_003_t3::stack_block4_on_block1,missing_precondition_bt,correct_bt,0.0,52.00723999999999,52.184525,0.1772850000000119,symbolic_only
v2_stacking_probe::state_003_t3::stack_block3_on_block2,missing_precondition_bt,correct_bt,0.0,52.062734999999996,52.47686000000001,0.41412500000001273,symbolic_only
v2_stacking_probe::state_004_t4::place_block3_on_block5,unsafe_or_invalid_bt,missing_precondition_bt,0.0,57.1,152.93769999999998,95.83769999999998,symbolic_only
v2_stacking_probe::state_004_t4::place_block1_on_block5,unsafe_or_invalid_bt,missing_precondition_bt,0.0,57.1,153.72714,96.62714,symbolic_only
v2_stacking_probe::state_004_t4::place_block2_on_block6,missing_precondition_bt,missing_precondition_bt,1.0,153.55688,153.55688,0.0,symbolic_only
v2_stacking_probe::state_004_t4::stack_block3_on_block1,missing_precondition_bt,missing_precondition_bt,0.0,52.81371000000001,52.81371000000001,0.0,symbolic_only
v2_stacking_probe::state_004_t4::stack_block1_on_block3,missing_precondition_bt,correct_bt,0.0,52.168195000000004,52.332585,0.16438999999999737,symbolic_only
v2_stacking_probe::state_004_t4::stack_block2_on_block1,missing_precondition_bt,missing_precondition_bt,0.0,52.99184499999999,52.99184499999999,0.0,symbolic_only
v2_stacking_probe::state_004_t4::stack_block4_on_block1,missing_precondition_bt,missing_precondition_bt,0.0,52.53132,52.53132,0.0,symbolic_only
v2_stacking_probe::state_004_t4::stack_block3_on_block2,missing_precondition_bt,missing_precondition_bt,0.0,52.53896500000001,52.53896500000001,0.0,symbolic_only
v2b_physical_strategy::state_000_t0::place_block3_on_block5,correct_bt,center_place_bt,1.0,153.505955,154.540805,1.0348500000000058,symbolic_only
v2b_physical_strategy::state_000_t0::place_block1_on_block5,correct_bt,edge_place_bt,1.0,154.77248,154.814875,0.04239499999999907,symbolic_only
v2b_physical_strategy::state_000_t0::stack_block1_on_block3,correct_bt,corner_place_bt,0.0,53.552434999999996,53.63685,0.08441500000000701,symbolic_only
v2b_physical_strategy::state_000_t0::stack_block3_on_block1,correct_bt,correct_bt,0.0,55.07473500000001,55.07473500000001,0.0,symbolic_only
v2b_physical_strategy::state_001_t1::place_block3_on_block5,correct_bt,center_place_bt,1.0,152.099175,153.143105,1.043929999999989,symbolic_only
v2b_physical_strategy::state_001_t1::place_block1_on_block5,correct_bt,corner_place_bt,1.0,152.485,153.23799,0.7529899999999827,symbolic_only
v2b_physical_strategy::state_001_t1::stack_block1_on_block3,correct_bt,far_offset_bt,0.0,51.702225000000006,52.62006,0.9178349999999966,symbolic_only
v2b_physical_strategy::state_001_t1::stack_block3_on_block1,correct_bt,far_offset_bt,0.0,51.80738999999999,53.114084999999996,1.3066950000000048,symbolic_only
v2b_physical_strategy::state_002_t2::place_block3_on_block5,correct_bt,center_place_bt,1.0,152.280945,153.321175,1.0402300000000082,symbolic_only
v2b_physical_strategy::state_002_t2::place_block1_on_block5,correct_bt,edge_place_bt,1.0,152.66660499999998,153.22376,0.5571550000000229,symbolic_only
v2b_physical_strategy::state_002_t2::stack_block1_on_block3,correct_bt,over_edge_bt,0.0,52.0165,153.20096,101.18446,symbolic_only
v2b_physical_strategy::state_002_t2::stack_block3_on_block1,correct_bt,correct_bt,0.0,52.46297499999999,52.46297499999999,0.0,symbolic_only
v2b_physical_strategy::state_003_t3::place_block3_on_block5,correct_bt,corner_place_bt,1.0,152.43555,152.451895,0.016345000000001164,symbolic_only
v2b_physical_strategy::state_003_t3::place_block1_on_block5,correct_bt,edge_place_bt,1.0,152.734095,153.30749999999998,0.5734049999999797,symbolic_only
v2b_physical_strategy::state_003_t3::stack_block1_on_block3,correct_bt,corner_place_bt,0.0,52.011635000000005,52.24962,0.23798499999999478,symbolic_only
v2b_physical_strategy::state_003_t3::stack_block3_on_block1,correct_bt,edge_place_bt,0.0,51.907085,52.101045000000006,0.19396000000000413,symbolic_only
v2b_physical_strategy::state_004_t4::place_block3_on_block5,correct_bt,center_place_bt,1.0,153.126685,153.242075,0.11538999999999078,symbolic_only
v2b_physical_strategy::state_004_t4::place_block1_on_block5,correct_bt,center_place_bt,1.0,152.80485,153.324175,0.5193250000000091,symbolic_only
v2b_physical_strategy::state_004_t4::stack_block1_on_block3,correct_bt,center_place_bt,0.0,51.8315,52.01614,0.1846400000000017,symbolic_only
v2b_physical_strategy::state_004_t4::stack_block3_on_block1,correct_bt,corner_place_bt,0.0,52.42519500000001,52.45388500000001,0.02868999999999744,symbolic_only
v1_supported_by::state_000_t0::place_block3_on_block5,unsafe_or_invalid_bt,correct_bt,0.0,-22.9,154.76969,177.66969,shortest_tree
v1_supported_by::state_000_t0::place_block1_on_block5,unsafe_or_invalid_bt,missing_precondition_bt,0.0,-22.9,155.38221,178.28221,shortest_tree
v1_supported_by::state_000_t0::place_block2_on_block6,unsafe_or_invalid_bt,correct_bt,0.0,-22.9,155.12254499999997,178.02254499999998,shortest_tree
v1_supported_by::state_000_t0::stack_block3_on_block1,unsafe_or_invalid_bt,missing_precondition_bt,0.0,-22.9,53.01372,75.91372,shortest_tree
v1_supported_by::state_001_t1::place_block3_on_block5,unsafe_or_invalid_bt,missing_precondition_bt,0.0,-22.9,153.78701999999998,176.68702,shortest_tree
v1_supported_by::state_001_t1::place_block1_on_block5,unsafe_or_invalid_bt,missing_precondition_bt,0.0,-22.9,153.44245999999998,176.34246,shortest_tree
v1_supported_by::state_001_t1::place_block2_on_block6,unsafe_or_invalid_bt,missing_precondition_bt,0.0,-22.9,155.39746499999998,178.297465,shortest_tree
v1_supported_by::state_001_t1::stack_block3_on_block1,unsafe_or_invalid_bt,correct_bt,0.0,-22.9,152.284665,175.184665,shortest_tree
v1_supported_by::state_002_t2::place_block3_on_block5,unsafe_or_invalid_bt,missing_precondition_bt,0.0,-22.9,152.837325,175.737325,shortest_tree
v1_supported_by::state_002_t2::place_block1_on_block5,unsafe_or_invalid_bt,missing_precondition_bt,0.0,57.1,153.367215,96.267215,shortest_tree
v1_supported_by::state_002_t2::place_block2_on_block6,unsafe_or_invalid_bt,missing_precondition_bt,0.0,-22.9,154.40586499999998,177.30586499999998,shortest_tree
v1_supported_by::state_002_t2::stack_block3_on_block1,unsafe_or_invalid_bt,missing_precondition_bt,0.0,-22.9,53.058159999999994,75.95815999999999,shortest_tree
v1_supported_by::state_003_t3::place_block3_on_block5,unsafe_or_invalid_bt,missing_precondition_bt,0.0,57.1,152.9585,95.85849999999999,shortest_tree
v1_supported_by::state_003_t3::place_block1_on_block5,unsafe_or_invalid_bt,missing_precondition_bt,0.0,57.1,153.170655,96.07065500000002,shortest_tree
v1_supported_by::state_003_t3::place_block2_on_block6,unsafe_or_invalid_bt,missing_precondition_bt,0.0,-22.9,153.193355,176.093355,shortest_tree
v1_supported_by::state_003_t3::stack_block3_on_block1,unsafe_or_invalid_bt,missing_precondition_bt,0.0,-22.9,52.122009999999996,75.02201,shortest_tree
v1_supported_by::state_004_t4::place_block3_on_block5,unsafe_or_invalid_bt,missing_precondition_bt,0.0,57.1,153.212055,96.112055,shortest_tree
v1_supported_by::state_004_t4::place_block1_on_block5,unsafe_or_invalid_bt,missing_precondition_bt,0.0,57.1,152.95333,95.85333,shortest_tree
v1_supported_by::state_004_t4::place_block2_on_block6,unsafe_or_invalid_bt,correct_bt,0.0,-22.9,152.91567,175.81567,shortest_tree
v1_supported_by::state_004_t4::stack_block3_on_block1,unsafe_or_invalid_bt,missing_precondition_bt,0.0,-22.9,52.50782,75.40782,shortest_tree
v2_stacking_probe::state_000_t0::place_block3_on_block5,unsafe_or_invalid_bt,missing_precondition_bt,0.0,-22.9,155.51667,178.41667,shortest_tree
v2_stacking_probe::state_000_t0::place_block1_on_block5,unsafe_or_invalid_bt,missing_precondition_bt,0.0,-22.9,154.09874,176.99874,shortest_tree
v2_stacking_probe::state_000_t0::place_block2_on_block6,unsafe_or_invalid_bt,missing_precondition_bt,0.0,-22.9,155.06958,177.96958,shortest_tree
v2_stacking_probe::state_000_t0::stack_block3_on_block1,unsafe_or_invalid_bt,correct_bt,0.0,-22.9,53.58803500000001,76.48803500000001,shortest_tree
v2_stacking_probe::state_000_t0::stack_block1_on_block3,unsafe_or_invalid_bt,missing_precondition_bt,0.0,-22.9,53.34975000000001,76.24975,shortest_tree
v2_stacking_probe::state_000_t0::stack_block2_on_block1,unsafe_or_invalid_bt,missing_precondition_bt,0.0,-22.9,54.67318500000001,77.57318500000001,shortest_tree
v2_stacking_probe::state_000_t0::stack_block4_on_block1,unsafe_or_invalid_bt,correct_bt,0.0,-22.9,54.844355,77.744355,shortest_tree
v2_stacking_probe::state_000_t0::stack_block3_on_block2,unsafe_or_invalid_bt,missing_precondition_bt,0.0,-22.9,54.023864999999994,76.92386499999999,shortest_tree
v2_stacking_probe::state_001_t1::place_block3_on_block5,unsafe_or_invalid_bt,missing_precondition_bt,0.0,-22.9,153.637755,176.537755,shortest_tree
v2_stacking_probe::state_001_t1::place_block1_on_block5,unsafe_or_invalid_bt,correct_bt,0.0,-22.9,153.15418,176.05418,shortest_tree
v2_stacking_probe::state_001_t1::place_block2_on_block6,unsafe_or_invalid_bt,correct_bt,0.0,-22.9,154.263415,177.16341500000001,shortest_tree
v2_stacking_probe::state_001_t1::stack_block3_on_block1,unsafe_or_invalid_bt,missing_precondition_bt,0.0,-22.9,52.16401500000001,75.06401500000001,shortest_tree
v2_stacking_probe::state_001_t1::stack_block1_on_block3,unsafe_or_invalid_bt,correct_bt,0.0,-22.9,52.36842500000001,75.26842500000001,shortest_tree
v2_stacking_probe::state_001_t1::stack_block2_on_block1,unsafe_or_invalid_bt,missing_precondition_bt,0.0,-22.9,54.332580000000014,77.23258000000001,shortest_tree
v2_stacking_probe::state_001_t1::stack_block4_on_block1,unsafe_or_invalid_bt,correct_bt,0.0,-22.9,52.320879999999995,75.22088,shortest_tree
v2_stacking_probe::state_001_t1::stack_block3_on_block2,unsafe_or_invalid_bt,missing_precondition_bt,0.0,-22.9,52.62513500000001,75.525135,shortest_tree
v2_stacking_probe::state_002_t2::place_block3_on_block5,unsafe_or_invalid_bt,missing_precondition_bt,0.0,-22.9,153.66851999999997,176.56851999999998,shortest_tree
v2_stacking_probe::state_002_t2::place_block1_on_block5,unsafe_or_invalid_bt,missing_precondition_bt,0.0,57.1,153.49909499999998,96.39909499999999,shortest_tree
v2_stacking_probe::state_002_t2::place_block2_on_block6,unsafe_or_invalid_bt,missing_precondition_bt,0.0,-22.9,154.400895,177.300895,shortest_tree
v2_stacking_probe::state_002_t2::stack_block3_on_block1,unsafe_or_invalid_bt,missing_precondition_bt,0.0,-22.9,52.167970000000004,75.06797,shortest_tree
v2_stacking_probe::state_002_t2::stack_block1_on_block3,unsafe_or_invalid_bt,correct_bt,0.0,-22.9,152.50336,175.40336,shortest_tree
v2_stacking_probe::state_002_t2::stack_block2_on_block1,unsafe_or_invalid_bt,missing_precondition_bt,0.0,-22.9,53.06869,75.96869,shortest_tree
v2_stacking_probe::state_002_t2::stack_block4_on_block1,unsafe_or_invalid_bt,correct_bt,0.0,-22.9,52.195924999999995,75.095925,shortest_tree
v2_stacking_probe::state_002_t2::stack_block3_on_block2,unsafe_or_invalid_bt,missing_precondition_bt,0.0,-22.9,52.75409,75.65409,shortest_tree
v2_stacking_probe::state_003_t3::place_block3_on_block5,unsafe_or_invalid_bt,correct_bt,0.0,57.1,152.98246,95.88246000000001,shortest_tree
v2_stacking_probe::state_003_t3::place_block1_on_block5,unsafe_or_invalid_bt,missing_precondition_bt,0.0,57.1,152.9511,95.8511,shortest_tree
v2_stacking_probe::state_003_t3::place_block2_on_block6,unsafe_or_invalid_bt,missing_precondition_bt,0.0,-22.9,154.298035,177.198035,shortest_tree
v2_stacking_probe::state_003_t3::stack_block3_on_block1,unsafe_or_invalid_bt,missing_precondition_bt,0.0,-22.9,52.62147000000001,75.52147000000001,shortest_tree
v2_stacking_probe::state_003_t3::stack_block1_on_block3,unsafe_or_invalid_bt,missing_precondition_bt,0.0,-22.9,52.899449999999995,75.79945,shortest_tree
v2_stacking_probe::state_003_t3::stack_block2_on_block1,unsafe_or_invalid_bt,missing_precondition_bt,0.0,-22.9,53.440715000000004,76.340715,shortest_tree
v2_stacking_probe::state_003_t3::stack_block4_on_block1,unsafe_or_invalid_bt,correct_bt,0.0,-22.9,52.184525,75.084525,shortest_tree
v2_stacking_probe::state_003_t3::stack_block3_on_block2,unsafe_or_invalid_bt,correct_bt,0.0,-22.9,52.47686000000001,75.37686000000001,shortest_tree
v2_stacking_probe::state_004_t4::place_block3_on_block5,unsafe_or_invalid_bt,missing_precondition_bt,0.0,57.1,152.93769999999998,95.83769999999998,shortest_tree
v2_stacking_probe::state_004_t4::place_block1_on_block5,unsafe_or_invalid_bt,missing_precondition_bt,0.0,57.1,153.72714,96.62714,shortest_tree
v2_stacking_probe::state_004_t4::place_block2_on_block6,unsafe_or_invalid_bt,missing_precondition_bt,0.0,-22.9,153.55688,176.45688,shortest_tree
v2_stacking_probe::state_004_t4::stack_block3_on_block1,unsafe_or_invalid_bt,missing_precondition_bt,0.0,-22.9,52.81371000000001,75.71371,shortest_tree
v2_stacking_probe::state_004_t4::stack_block1_on_block3,unsafe_or_invalid_bt,correct_bt,0.0,-22.9,52.332585,75.232585,shortest_tree
v2_stacking_probe::state_004_t4::stack_block2_on_block1,unsafe_or_invalid_bt,missing_precondition_bt,0.0,-22.9,52.99184499999999,75.89184499999999,shortest_tree
v2_stacking_probe::state_004_t4::stack_block4_on_block1,unsafe_or_invalid_bt,missing_precondition_bt,0.0,-22.9,52.53132,75.43132,shortest_tree
v2_stacking_probe::state_004_t4::stack_block3_on_block2,unsafe_or_invalid_bt,missing_precondition_bt,0.0,-22.9,52.53896500000001,75.43896500000001,shortest_tree
v2b_physical_strategy::state_000_t0::place_block3_on_block5,correct_bt,center_place_bt,1.0,153.505955,154.540805,1.0348500000000058,shortest_tree
v2b_physical_strategy::state_000_t0::place_block1_on_block5,correct_bt,edge_place_bt,1.0,154.77248,154.814875,0.04239499999999907,shortest_tree
v2b_physical_strategy::state_000_t0::stack_block1_on_block3,correct_bt,corner_place_bt,0.0,53.552434999999996,53.63685,0.08441500000000701,shortest_tree
v2b_physical_strategy::state_000_t0::stack_block3_on_block1,correct_bt,correct_bt,0.0,55.07473500000001,55.07473500000001,0.0,shortest_tree
v2b_physical_strategy::state_001_t1::place_block3_on_block5,correct_bt,center_place_bt,1.0,152.099175,153.143105,1.043929999999989,shortest_tree
v2b_physical_strategy::state_001_t1::place_block1_on_block5,correct_bt,corner_place_bt,1.0,152.485,153.23799,0.7529899999999827,shortest_tree
v2b_physical_strategy::state_001_t1::stack_block1_on_block3,correct_bt,far_offset_bt,0.0,51.702225000000006,52.62006,0.9178349999999966,shortest_tree
v2b_physical_strategy::state_001_t1::stack_block3_on_block1,correct_bt,far_offset_bt,0.0,51.80738999999999,53.114084999999996,1.3066950000000048,shortest_tree
v2b_physical_strategy::state_002_t2::place_block3_on_block5,correct_bt,center_place_bt,1.0,152.280945,153.321175,1.0402300000000082,shortest_tree
v2b_physical_strategy::state_002_t2::place_block1_on_block5,correct_bt,edge_place_bt,1.0,152.66660499999998,153.22376,0.5571550000000229,shortest_tree
v2b_physical_strategy::state_002_t2::stack_block1_on_block3,correct_bt,over_edge_bt,0.0,52.0165,153.20096,101.18446,shortest_tree
v2b_physical_strategy::state_002_t2::stack_block3_on_block1,correct_bt,correct_bt,0.0,52.46297499999999,52.46297499999999,0.0,shortest_tree
v2b_physical_strategy::state_003_t3::place_block3_on_block5,correct_bt,corner_place_bt,1.0,152.43555,152.451895,0.016345000000001164,shortest_tree
v2b_physical_strategy::state_003_t3::place_block1_on_block5,correct_bt,edge_place_bt,1.0,152.734095,153.30749999999998,0.5734049999999797,shortest_tree
v2b_physical_strategy::state_003_t3::stack_block1_on_block3,correct_bt,corner_place_bt,0.0,52.011635000000005,52.24962,0.23798499999999478,shortest_tree
v2b_physical_strategy::state_003_t3::stack_block3_on_block1,correct_bt,edge_place_bt,0.0,51.907085,52.101045000000006,0.19396000000000413,shortest_tree
v2b_physical_strategy::state_004_t4::place_block3_on_block5,correct_bt,center_place_bt,1.0,153.126685,153.242075,0.11538999999999078,shortest_tree
v2b_physical_strategy::state_004_t4::place_block1_on_block5,correct_bt,center_place_bt,1.0,152.80485,153.324175,0.5193250000000091,shortest_tree
v2b_physical_strategy::state_004_t4::stack_block1_on_block3,correct_bt,center_place_bt,0.0,51.8315,52.01614,0.1846400000000017,shortest_tree
v2b_physical_strategy::state_004_t4::stack_block3_on_block1,correct_bt,corner_place_bt,0.0,52.42519500000001,52.45388500000001,0.02868999999999744,shortest_tree
v1_supported_by::state_000_t0::place_block3_on_block5,correct_bt,correct_bt,1.0,154.76969,154.76969,0.0,oracle
v1_supported_by::state_000_t0::place_block1_on_block5,missing_precondition_bt,missing_precondition_bt,1.0,155.38221,155.38221,0.0,oracle
v1_supported_by::state_000_t0::place_block2_on_block6,correct_bt,correct_bt,1.0,155.12254499999997,155.12254499999997,0.0,oracle
v1_supported_by::state_000_t0::stack_block3_on_block1,missing_precondition_bt,missing_precondition_bt,0.0,53.01372,53.01372,0.0,oracle
v1_supported_by::state_001_t1::place_block3_on_block5,missing_precondition_bt,missing_precondition_bt,1.0,153.78701999999998,153.78701999999998,0.0,oracle
v1_supported_by::state_001_t1::place_block1_on_block5,missing_precondition_bt,missing_precondition_bt,1.0,153.44245999999998,153.44245999999998,0.0,oracle
v1_supported_by::state_001_t1::place_block2_on_block6,missing_precondition_bt,missing_precondition_bt,1.0,155.39746499999998,155.39746499999998,0.0,oracle
v1_supported_by::state_001_t1::stack_block3_on_block1,correct_bt,correct_bt,1.0,152.284665,152.284665,0.0,oracle
v1_supported_by::state_002_t2::place_block3_on_block5,missing_precondition_bt,missing_precondition_bt,1.0,152.837325,152.837325,0.0,oracle
v1_supported_by::state_002_t2::place_block1_on_block5,missing_precondition_bt,missing_precondition_bt,1.0,153.367215,153.367215,0.0,oracle
v1_supported_by::state_002_t2::place_block2_on_block6,missing_precondition_bt,missing_precondition_bt,1.0,154.40586499999998,154.40586499999998,0.0,oracle
v1_supported_by::state_002_t2::stack_block3_on_block1,missing_precondition_bt,missing_precondition_bt,0.0,53.058159999999994,53.058159999999994,0.0,oracle
v1_supported_by::state_003_t3::place_block3_on_block5,missing_precondition_bt,missing_precondition_bt,1.0,152.9585,152.9585,0.0,oracle
v1_supported_by::state_003_t3::place_block1_on_block5,missing_precondition_bt,missing_precondition_bt,1.0,153.170655,153.170655,0.0,oracle
v1_supported_by::state_003_t3::place_block2_on_block6,missing_precondition_bt,missing_precondition_bt,1.0,153.193355,153.193355,0.0,oracle
v1_supported_by::state_003_t3::stack_block3_on_block1,missing_precondition_bt,missing_precondition_bt,0.0,52.122009999999996,52.122009999999996,0.0,oracle
v1_supported_by::state_004_t4::place_block3_on_block5,missing_precondition_bt,missing_precondition_bt,1.0,153.212055,153.212055,0.0,oracle
v1_supported_by::state_004_t4::place_block1_on_block5,missing_precondition_bt,missing_precondition_bt,1.0,152.95333,152.95333,0.0,oracle
v1_supported_by::state_004_t4::place_block2_on_block6,correct_bt,correct_bt,1.0,152.91567,152.91567,0.0,oracle
v1_supported_by::state_004_t4::stack_block3_on_block1,missing_precondition_bt,missing_precondition_bt,0.0,52.50782,52.50782,0.0,oracle
v2_stacking_probe::state_000_t0::place_block3_on_block5,missing_precondition_bt,missing_precondition_bt,1.0,155.51667,155.51667,0.0,oracle
v2_stacking_probe::state_000_t0::place_block1_on_block5,missing_precondition_bt,missing_precondition_bt,1.0,154.09874,154.09874,0.0,oracle
v2_stacking_probe::state_000_t0::place_block2_on_block6,missing_precondition_bt,missing_precondition_bt,1.0,155.06958,155.06958,0.0,oracle
v2_stacking_probe::state_000_t0::stack_block3_on_block1,correct_bt,correct_bt,0.0,53.58803500000001,53.58803500000001,0.0,oracle
v2_stacking_probe::state_000_t0::stack_block1_on_block3,missing_precondition_bt,missing_precondition_bt,0.0,53.34975000000001,53.34975000000001,0.0,oracle
v2_stacking_probe::state_000_t0::stack_block2_on_block1,missing_precondition_bt,missing_precondition_bt,0.0,54.67318500000001,54.67318500000001,0.0,oracle
v2_stacking_probe::state_000_t0::stack_block4_on_block1,correct_bt,correct_bt,0.0,54.844355,54.844355,0.0,oracle
v2_stacking_probe::state_000_t0::stack_block3_on_block2,missing_precondition_bt,missing_precondition_bt,0.0,54.023864999999994,54.023864999999994,0.0,oracle
v2_stacking_probe::state_001_t1::place_block3_on_block5,missing_precondition_bt,missing_precondition_bt,1.0,153.637755,153.637755,0.0,oracle
v2_stacking_probe::state_001_t1::place_block1_on_block5,correct_bt,correct_bt,1.0,153.15418,153.15418,0.0,oracle
v2_stacking_probe::state_001_t1::place_block2_on_block6,correct_bt,correct_bt,1.0,154.263415,154.263415,0.0,oracle
v2_stacking_probe::state_001_t1::stack_block3_on_block1,missing_precondition_bt,missing_precondition_bt,0.0,52.16401500000001,52.16401500000001,0.0,oracle
v2_stacking_probe::state_001_t1::stack_block1_on_block3,correct_bt,correct_bt,0.0,52.36842500000001,52.36842500000001,0.0,oracle
v2_stacking_probe::state_001_t1::stack_block2_on_block1,missing_precondition_bt,missing_precondition_bt,0.0,54.332580000000014,54.332580000000014,0.0,oracle
v2_stacking_probe::state_001_t1::stack_block4_on_block1,correct_bt,correct_bt,0.0,52.320879999999995,52.320879999999995,0.0,oracle
v2_stacking_probe::state_001_t1::stack_block3_on_block2,missing_precondition_bt,missing_precondition_bt,0.0,52.62513500000001,52.62513500000001,0.0,oracle
v2_stacking_probe::state_002_t2::place_block3_on_block5,missing_precondition_bt,missing_precondition_bt,1.0,153.66851999999997,153.66851999999997,0.0,oracle
v2_stacking_probe::state_002_t2::place_block1_on_block5,missing_precondition_bt,missing_precondition_bt,1.0,153.49909499999998,153.49909499999998,0.0,oracle
v2_stacking_probe::state_002_t2::place_block2_on_block6,missing_precondition_bt,missing_precondition_bt,1.0,154.400895,154.400895,0.0,oracle
v2_stacking_probe::state_002_t2::stack_block3_on_block1,missing_precondition_bt,missing_precondition_bt,0.0,52.167970000000004,52.167970000000004,0.0,oracle
v2_stacking_probe::state_002_t2::stack_block1_on_block3,correct_bt,correct_bt,1.0,152.50336,152.50336,0.0,oracle
v2_stacking_probe::state_002_t2::stack_block2_on_block1,missing_precondition_bt,missing_precondition_bt,0.0,53.06869,53.06869,0.0,oracle
v2_stacking_probe::state_002_t2::stack_block4_on_block1,correct_bt,correct_bt,0.0,52.195924999999995,52.195924999999995,0.0,oracle
v2_stacking_probe::state_002_t2::stack_block3_on_block2,missing_precondition_bt,missing_precondition_bt,0.0,52.75409,52.75409,0.0,oracle
v2_stacking_probe::state_003_t3::place_block3_on_block5,correct_bt,correct_bt,1.0,152.98246,152.98246,0.0,oracle
v2_stacking_probe::state_003_t3::place_block1_on_block5,missing_precondition_bt,missing_precondition_bt,1.0,152.9511,152.9511,0.0,oracle
v2_stacking_probe::state_003_t3::place_block2_on_block6,missing_precondition_bt,missing_precondition_bt,1.0,154.298035,154.298035,0.0,oracle
v2_stacking_probe::state_003_t3::stack_block3_on_block1,missing_precondition_bt,missing_precondition_bt,0.0,52.62147000000001,52.62147000000001,0.0,oracle
v2_stacking_probe::state_003_t3::stack_block1_on_block3,missing_precondition_bt,missing_precondition_bt,0.0,52.899449999999995,52.899449999999995,0.0,oracle
v2_stacking_probe::state_003_t3::stack_block2_on_block1,missing_precondition_bt,missing_precondition_bt,0.0,53.440715000000004,53.440715000000004,0.0,oracle
v2_stacking_probe::state_003_t3::stack_block4_on_block1,correct_bt,correct_bt,0.0,52.184525,52.184525,0.0,oracle
v2_stacking_probe::state_003_t3::stack_block3_on_block2,correct_bt,correct_bt,0.0,52.47686000000001,52.47686000000001,0.0,oracle
v2_stacking_probe::state_004_t4::place_block3_on_block5,missing_precondition_bt,missing_precondition_bt,1.0,152.93769999999998,152.93769999999998,0.0,oracle
v2_stacking_probe::state_004_t4::place_block1_on_block5,missing_precondition_bt,missing_precondition_bt,1.0,153.72714,153.72714,0.0,oracle
v2_stacking_probe::state_004_t4::place_block2_on_block6,missing_precondition_bt,missing_precondition_bt,1.0,153.55688,153.55688,0.0,oracle
v2_stacking_probe::state_004_t4::stack_block3_on_block1,missing_precondition_bt,missing_precondition_bt,0.0,52.81371000000001,52.81371000000001,0.0,oracle
v2_stacking_probe::state_004_t4::stack_block1_on_block3,correct_bt,correct_bt,0.0,52.332585,52.332585,0.0,oracle
v2_stacking_probe::state_004_t4::stack_block2_on_block1,missing_precondition_bt,missing_precondition_bt,0.0,52.99184499999999,52.99184499999999,0.0,oracle
v2_stacking_probe::state_004_t4::stack_block4_on_block1,missing_precondition_bt,missing_precondition_bt,0.0,52.53132,52.53132,0.0,oracle
v2_stacking_probe::state_004_t4::stack_block3_on_block2,missing_precondition_bt,missing_precondition_bt,0.0,52.53896500000001,52.53896500000001,0.0,oracle
v2b_physical_strategy::state_000_t0::place_block3_on_block5,center_place_bt,center_place_bt,1.0,154.540805,154.540805,0.0,oracle
v2b_physical_strategy::state_000_t0::place_block1_on_block5,edge_place_bt,edge_place_bt,1.0,154.814875,154.814875,0.0,oracle
v2b_physical_strategy::state_000_t0::stack_block1_on_block3,corner_place_bt,corner_place_bt,0.0,53.63685,53.63685,0.0,oracle
v2b_physical_strategy::state_000_t0::stack_block3_on_block1,correct_bt,correct_bt,0.0,55.07473500000001,55.07473500000001,0.0,oracle
v2b_physical_strategy::state_001_t1::place_block3_on_block5,center_place_bt,center_place_bt,1.0,153.143105,153.143105,0.0,oracle
v2b_physical_strategy::state_001_t1::place_block1_on_block5,corner_place_bt,corner_place_bt,1.0,153.23799,153.23799,0.0,oracle
v2b_physical_strategy::state_001_t1::stack_block1_on_block3,far_offset_bt,far_offset_bt,0.0,52.62006,52.62006,0.0,oracle
v2b_physical_strategy::state_001_t1::stack_block3_on_block1,far_offset_bt,far_offset_bt,0.0,53.114084999999996,53.114084999999996,0.0,oracle
v2b_physical_strategy::state_002_t2::place_block3_on_block5,center_place_bt,center_place_bt,1.0,153.321175,153.321175,0.0,oracle
v2b_physical_strategy::state_002_t2::place_block1_on_block5,edge_place_bt,edge_place_bt,1.0,153.22376,153.22376,0.0,oracle
v2b_physical_strategy::state_002_t2::stack_block1_on_block3,over_edge_bt,over_edge_bt,1.0,153.20096,153.20096,0.0,oracle
v2b_physical_strategy::state_002_t2::stack_block3_on_block1,correct_bt,correct_bt,0.0,52.46297499999999,52.46297499999999,0.0,oracle
v2b_physical_strategy::state_003_t3::place_block3_on_block5,corner_place_bt,corner_place_bt,1.0,152.451895,152.451895,0.0,oracle
v2b_physical_strategy::state_003_t3::place_block1_on_block5,edge_place_bt,edge_place_bt,1.0,153.30749999999998,153.30749999999998,0.0,oracle
v2b_physical_strategy::state_003_t3::stack_block1_on_block3,corner_place_bt,corner_place_bt,0.0,52.24962,52.24962,0.0,oracle
v2b_physical_strategy::state_003_t3::stack_block3_on_block1,edge_place_bt,edge_place_bt,0.0,52.101045000000006,52.101045000000006,0.0,oracle
v2b_physical_strategy::state_004_t4::place_block3_on_block5,center_place_bt,center_place_bt,1.0,153.242075,153.242075,0.0,oracle
v2b_physical_strategy::state_004_t4::place_block1_on_block5,center_place_bt,center_place_bt,1.0,153.324175,153.324175,0.0,oracle
v2b_physical_strategy::state_004_t4::stack_block1_on_block3,center_place_bt,center_place_bt,0.0,52.01614,52.01614,0.0,oracle
v2b_physical_strategy::state_004_t4::stack_block3_on_block1,corner_place_bt,corner_place_bt,0.0,52.45388500000001,52.45388500000001,0.0,oracle
