selector_group_id,benchmark,task_id,initial_state_id,selected_candidate,oracle_candidate,selected_sim_success,selected_true_score,oracle_true_score,regret,selected_v5_ensemble_score,selector_vote_score,symbolic_reliability_norm,simulation_reliability_norm,selector_vote_details,selector
v1_supported_by::state_000_t0::place_block3_on_block5,v1_supported_by,place_block3_on_block5,state_000_t0,missing_precondition_bt,correct_bt,1.0,154.15366,154.76969,0.616029999999995,0.9289709792901916,0.8999999999999999,0.9326923076923077,0.98973007100692,feature_only:0.30;symbolic_only:0.10;transformer_fused:0.35;transformer_only:0.15,v5_ensemble
v1_supported_by::state_000_t0::place_block1_on_block5,v1_supported_by,place_block1_on_block5,state_000_t0,missing_precondition_bt,missing_precondition_bt,1.0,155.38221,155.38221,0.0,0.9315384615384615,0.8999999999999999,0.9326923076923077,1.0,feature_only:0.30;symbolic_only:0.10;transformer_fused:0.35;transformer_only:0.15,v5_ensemble
v1_supported_by::state_000_t0::place_block2_on_block6,v1_supported_by,place_block2_on_block6,state_000_t0,missing_precondition_bt,correct_bt,1.0,155.08305000000001,155.12254499999997,0.039494999999959646,0.9303451567591818,0.8999999999999999,0.9326923076923077,0.9952267808828811,feature_only:0.30;symbolic_only:0.10;transformer_fused:0.35;transformer_only:0.15,v5_ensemble
v1_supported_by::state_000_t0::stack_block3_on_block1,v1_supported_by,stack_block3_on_block1,state_000_t0,missing_precondition_bt,missing_precondition_bt,0.0,53.01372,53.01372,0.0,0.9005517472426026,0.8999999999999999,0.9326923076923077,0.8760531428165642,feature_only:0.30;symbolic_only:0.10;transformer_fused:0.35;transformer_only:0.15,v5_ensemble
v1_supported_by::state_001_t1::place_block3_on_block5,v1_supported_by,place_block3_on_block5,state_001_t1,missing_precondition_bt,missing_precondition_bt,1.0,153.78701999999998,153.78701999999998,0.0,0.9315384615384615,0.8999999999999999,0.9326923076923077,1.0,feature_only:0.30;symbolic_only:0.10;transformer_fused:0.35;transformer_only:0.15,v5_ensemble
v1_supported_by::state_001_t1::place_block1_on_block5,v1_supported_by,place_block1_on_block5,state_001_t1,missing_precondition_bt,missing_precondition_bt,1.0,153.44245999999998,153.44245999999998,0.0,0.9315384615384615,0.8999999999999999,0.9326923076923077,1.0,feature_only:0.30;symbolic_only:0.10;transformer_fused:0.35;transformer_only:0.15,v5_ensemble
v1_supported_by::state_001_t1::place_block2_on_block6,v1_supported_by,place_block2_on_block6,state_001_t1,missing_precondition_bt,missing_precondition_bt,1.0,155.39746499999998,155.39746499999998,0.0,0.7390384615384615,0.5499999999999999,0.9326923076923077,1.0,feature_only:0.30;symbolic_only:0.10;transformer_only:0.15,v5_ensemble
v1_supported_by::state_001_t1::stack_block3_on_block1,v1_supported_by,stack_block3_on_block1,state_001_t1,correct_bt,correct_bt,1.0,152.284665,152.284665,0.0,0.615,0.3,1.0,1.0,feature_only:0.30,v5_ensemble
v1_supported_by::state_002_t2::place_block3_on_block5,v1_supported_by,place_block3_on_block5,state_002_t2,missing_precondition_bt,missing_precondition_bt,1.0,152.837325,152.837325,0.0,0.9305297332184037,0.8999999999999999,0.9326923076923077,0.9959650867197686,feature_only:0.30;symbolic_only:0.10;transformer_fused:0.35;transformer_only:0.15,v5_ensemble
v1_supported_by::state_002_t2::place_block1_on_block5,v1_supported_by,place_block1_on_block5,state_002_t2,missing_precondition_bt,missing_precondition_bt,1.0,153.367215,153.367215,0.0,0.847687594487882,0.7999999999999999,0.7941176470588235,0.9954562603044689,feature_only:0.30;transformer_fused:0.35;transformer_only:0.15,v5_ensemble
v1_supported_by::state_002_t2::place_block2_on_block6,v1_supported_by,place_block2_on_block6,state_002_t2,missing_precondition_bt,missing_precondition_bt,1.0,154.40586499999998,154.40586499999998,0.0,0.9315384615384615,0.8999999999999999,0.9326923076923077,1.0,feature_only:0.30;symbolic_only:0.10;transformer_fused:0.35;transformer_only:0.15,v5_ensemble
v1_supported_by::state_002_t2::stack_block3_on_block1,v1_supported_by,stack_block3_on_block1,state_002_t2,missing_precondition_bt,missing_precondition_bt,0.0,53.058159999999994,53.058159999999994,0.0,0.9315384615384615,0.8999999999999999,0.9326923076923077,1.0,feature_only:0.30;symbolic_only:0.10;transformer_fused:0.35;transformer_only:0.15,v5_ensemble
v1_supported_by::state_003_t3::place_block3_on_block5,v1_supported_by,place_block3_on_block5,state_003_t3,missing_precondition_bt,missing_precondition_bt,1.0,152.9585,152.9585,0.0,0.8478065190566773,0.7999999999999999,0.7941176470588235,0.9959319585796501,feature_only:0.30;transformer_fused:0.35;transformer_only:0.15,v5_ensemble
v1_supported_by::state_003_t3::place_block1_on_block5,v1_supported_by,place_block1_on_block5,state_003_t3,missing_precondition_bt,missing_precondition_bt,1.0,153.170655,153.170655,0.0,0.8488235294117648,0.7999999999999999,0.7941176470588235,1.0,feature_only:0.30;transformer_fused:0.35;transformer_only:0.15,v5_ensemble
v1_supported_by::state_003_t3::place_block2_on_block6,v1_supported_by,place_block2_on_block6,state_003_t3,missing_precondition_bt,missing_precondition_bt,1.0,153.193355,153.193355,0.0,0.9302652395159223,0.8999999999999999,0.9326923076923077,0.9949071119098432,feature_only:0.30;symbolic_only:0.10;transformer_fused:0.35;transformer_only:0.15,v5_ensemble
v1_supported_by::state_003_t3::stack_block3_on_block1,v1_supported_by,stack_block3_on_block1,state_003_t3,missing_precondition_bt,missing_precondition_bt,0.0,52.122009999999996,52.122009999999996,0.0,0.9132838258002183,0.8999999999999999,0.9326923076923077,0.9269814570470272,feature_only:0.30;symbolic_only:0.10;transformer_fused:0.35;transformer_only:0.15,v5_ensemble
v1_supported_by::state_004_t4::place_block3_on_block5,v1_supported_by,place_block3_on_block5,state_004_t4,missing_precondition_bt,missing_precondition_bt,1.0,153.212055,153.212055,0.0,0.8483456779891907,0.7999999999999999,0.7941176470588235,0.9980885943097038,feature_only:0.30;transformer_fused:0.35;transformer_only:0.15,v5_ensemble
v1_supported_by::state_004_t4::place_block1_on_block5,v1_supported_by,place_block1_on_block5,state_004_t4,missing_precondition_bt,missing_precondition_bt,1.0,152.95333,152.95333,0.0,0.8488235294117648,0.7999999999999999,0.7941176470588235,1.0,feature_only:0.30;transformer_fused:0.35;transformer_only:0.15,v5_ensemble
v1_supported_by::state_004_t4::place_block2_on_block6,v1_supported_by,place_block2_on_block6,state_004_t4,missing_precondition_bt,correct_bt,1.0,152.83695999999998,152.91567,0.07871000000002937,0.929196054178992,0.8999999999999999,0.9326923076923077,0.9906303705621219,feature_only:0.30;symbolic_only:0.10;transformer_fused:0.35;transformer_only:0.15,v5_ensemble
v1_supported_by::state_004_t4::stack_block3_on_block1,v1_supported_by,stack_block3_on_block1,state_004_t4,missing_precondition_bt,missing_precondition_bt,0.0,52.50782,52.50782,0.0,0.9250169302644551,0.8999999999999999,0.9326923076923077,0.9739138749039741,feature_only:0.30;symbolic_only:0.10;transformer_fused:0.35;transformer_only:0.15,v5_ensemble
v2_stacking_probe::state_000_t0::place_block3_on_block5,v2_stacking_probe,place_block3_on_block5,state_000_t0,missing_precondition_bt,missing_precondition_bt,1.0,155.51667,155.51667,0.0,0.9313437281137381,0.8999999999999999,0.9326923076923077,0.9992210663011063,feature_only:0.30;symbolic_only:0.10;transformer_fused:0.35;transformer_only:0.15,v5_ensemble
v2_stacking_probe::state_000_t0::place_block1_on_block5,v2_stacking_probe,place_block1_on_block5,state_000_t0,missing_precondition_bt,missing_precondition_bt,1.0,154.09874,154.09874,0.0,0.9304809068988911,0.8999999999999999,0.9326923076923077,0.9957697814417182,feature_only:0.30;symbolic_only:0.10;transformer_fused:0.35;transformer_only:0.15,v5_ensemble
v2_stacking_probe::state_000_t0::place_block2_on_block6,v2_stacking_probe,place_block2_on_block6,state_000_t0,missing_precondition_bt,missing_precondition_bt,1.0,155.06958,155.06958,0.0,0.9306876077855512,0.8999999999999999,0.9326923076923077,0.9965965849883585,feature_only:0.30;symbolic_only:0.10;transformer_fused:0.35;transformer_only:0.15,v5_ensemble
v2_stacking_probe::state_000_t0::stack_block3_on_block1,v2_stacking_probe,stack_block3_on_block1,state_000_t0,missing_precondition_bt,correct_bt,0.0,53.217335,53.58803500000001,0.3707000000000136,0.9024687523290361,0.8999999999999999,0.9326923076923077,0.8837211631622983,feature_only:0.30;symbolic_only:0.10;transformer_fused:0.35;transformer_only:0.15,v5_ensemble
v2_stacking_probe::state_000_t0::stack_block1_on_block3,v2_stacking_probe,stack_block1_on_block3,state_000_t0,missing_precondition_bt,missing_precondition_bt,0.0,53.34975000000001,53.34975000000001,0.0,0.7158944448333602,0.5499999999999999,0.9326923076923077,0.9074239331795945,feature_only:0.30;symbolic_only:0.10;transformer_only:0.15,v5_ensemble
v2_stacking_probe::state_000_t0::stack_block2_on_block1,v2_stacking_probe,stack_block2_on_block1,state_000_t0,missing_precondition_bt,missing_precondition_bt,0.0,54.67318500000001,54.67318500000001,0.0,0.9315384615384615,0.8999999999999999,0.9326923076923077,1.0,feature_only:0.30;symbolic_only:0.10;transformer_fused:0.35;transformer_only:0.15,v5_ensemble
v2_stacking_probe::state_000_t0::stack_block4_on_block1,v2_stacking_probe,stack_block4_on_block1,state_000_t0,missing_precondition_bt,correct_bt,0.0,53.26951999999999,54.844355,1.5748350000000073,0.6797191921355152,0.5499999999999999,0.9326923076923077,0.762722922388215,feature_only:0.30;symbolic_only:0.10;transformer_only:0.15,v5_ensemble
v2_stacking_probe::state_000_t0::stack_block3_on_block2,v2_stacking_probe,stack_block3_on_block2,state_000_t0,missing_precondition_bt,missing_precondition_bt,0.0,54.023864999999994,54.023864999999994,0.0,0.9139372313632835,0.8999999999999999,0.9326923076923077,0.9295950792992881,feature_only:0.30;symbolic_only:0.10;transformer_fused:0.35;transformer_only:0.15,v5_ensemble
v2_stacking_probe::state_001_t1::place_block3_on_block5,v2_stacking_probe,place_block3_on_block5,state_001_t1,missing_precondition_bt,missing_precondition_bt,1.0,153.637755,153.637755,0.0,0.9313132534782765,0.8999999999999999,0.9326923076923077,0.9990991677592599,feature_only:0.30;symbolic_only:0.10;transformer_fused:0.35;transformer_only:0.15,v5_ensemble
v2_stacking_probe::state_001_t1::place_block1_on_block5,v2_stacking_probe,place_block1_on_block5,state_001_t1,missing_precondition_bt,correct_bt,1.0,153.109245,153.15418,0.044935000000009495,0.9302658932931114,0.8999999999999999,0.9326923076923077,0.9949097270185994,feature_only:0.30;symbolic_only:0.10;transformer_fused:0.35;transformer_only:0.15,v5_ensemble
v2_stacking_probe::state_001_t1::place_block2_on_block6,v2_stacking_probe,place_block2_on_block6,state_001_t1,missing_precondition_bt,correct_bt,1.0,153.84969,154.263415,0.41372499999999945,0.9295019321442809,0.8999999999999999,0.9326923076923077,0.9918538824232775,feature_only:0.30;symbolic_only:0.10;transformer_fused:0.35;transformer_only:0.15,v5_ensemble
v2_stacking_probe::state_001_t1::stack_block3_on_block1,v2_stacking_probe,stack_block3_on_block1,state_001_t1,missing_precondition_bt,missing_precondition_bt,0.0,52.16401500000001,52.16401500000001,0.0,0.9211420449512475,0.8999999999999999,0.9326923076923077,0.9584143336511437,feature_only:0.30;symbolic_only:0.10;transformer_fused:0.35;transformer_only:0.15,v5_ensemble
v2_stacking_probe::state_001_t1::stack_block1_on_block3,v2_stacking_probe,stack_block1_on_block3,state_001_t1,missing_precondition_bt,correct_bt,0.0,52.324885,52.36842500000001,0.04354000000000724,0.9088901641691864,0.8999999999999999,0.9326923076923077,0.9094068105228994,feature_only:0.30;symbolic_only:0.10;transformer_fused:0.35;transformer_only:0.15,v5_ensemble
v2_stacking_probe::state_001_t1::stack_block2_on_block1,v2_stacking_probe,stack_block2_on_block1,state_001_t1,missing_precondition_bt,missing_precondition_bt,0.0,54.332580000000014,54.332580000000014,0.0,0.9315384615384615,0.8999999999999999,0.9326923076923077,1.0,feature_only:0.30;symbolic_only:0.10;transformer_fused:0.35;transformer_only:0.15,v5_ensemble
v2_stacking_probe::state_001_t1::stack_block4_on_block1,v2_stacking_probe,stack_block4_on_block1,state_001_t1,missing_precondition_bt,correct_bt,0.0,52.08799,52.320879999999995,0.2328899999999976,0.714273058558733,0.5499999999999999,0.9326923076923077,0.900938388081086,feature_only:0.30;symbolic_only:0.10;transformer_only:0.15,v5_ensemble
v2_stacking_probe::state_001_t1::stack_block3_on_block2,v2_stacking_probe,stack_block3_on_block2,state_001_t1,missing_precondition_bt,missing_precondition_bt,0.0,52.62513500000001,52.62513500000001,0.0,0.9217465035374771,0.8999999999999999,0.9326923076923077,0.9608321679960624,feature_only:0.30;symbolic_only:0.10;transformer_fused:0.35;transformer_only:0.15,v5_ensemble
v2_stacking_probe::state_002_t2::place_block3_on_block5,v2_stacking_probe,place_block3_on_block5,state_002_t2,missing_precondition_bt,missing_precondition_bt,1.0,153.66851999999997,153.66851999999997,0.0,0.9315384615384615,0.8999999999999999,0.9326923076923077,1.0,feature_only:0.30;symbolic_only:0.10;transformer_fused:0.35;transformer_only:0.15,v5_ensemble
v2_stacking_probe::state_002_t2::place_block1_on_block5,v2_stacking_probe,place_block1_on_block5,state_002_t2,missing_precondition_bt,missing_precondition_bt,1.0,153.49909499999998,153.49909499999998,0.0,0.8487513350628597,0.7999999999999999,0.7941176470588235,0.99971122260438,feature_only:0.30;transformer_fused:0.35;transformer_only:0.15,v5_ensemble
v2_stacking_probe::state_002_t2::place_block2_on_block6,v2_stacking_probe,place_block2_on_block6,state_002_t2,missing_precondition_bt,missing_precondition_bt,1.0,154.400895,154.400895,0.0,0.9315384615384615,0.8999999999999999,0.9326923076923077,1.0,feature_only:0.30;symbolic_only:0.10;transformer_fused:0.35;transformer_only:0.15,v5_ensemble
v2_stacking_probe::state_002_t2::stack_block3_on_block1,v2_stacking_probe,stack_block3_on_block1,state_002_t2,missing_precondition_bt,missing_precondition_bt,0.0,52.167970000000004,52.167970000000004,0.0,0.9121057728142907,0.8999999999999999,0.9326923076923077,0.9222692451033166,feature_only:0.30;symbolic_only:0.10;transformer_fused:0.35;transformer_only:0.15,v5_ensemble
v2_stacking_probe::state_002_t2::stack_block1_on_block3,v2_stacking_probe,stack_block1_on_block3,state_002_t2,correct_bt,correct_bt,1.0,152.50336,152.50336,0.0,0.8075,0.6499999999999999,1.0,1.0,feature_only:0.30;transformer_fused:0.35,v5_ensemble
v2_stacking_probe::state_002_t2::stack_block2_on_block1,v2_stacking_probe,stack_block2_on_block1,state_002_t2,missing_precondition_bt,missing_precondition_bt,0.0,53.06869,53.06869,0.0,0.9192039885022446,0.8999999999999999,0.9326923076923077,0.9506621078551323,feature_only:0.30;symbolic_only:0.10;transformer_fused:0.35;transformer_only:0.15,v5_ensemble
v2_stacking_probe::state_002_t2::stack_block4_on_block1,v2_stacking_probe,stack_block4_on_block1,state_002_t2,missing_precondition_bt,correct_bt,0.0,52.16233999999999,52.195924999999995,0.033585000000002196,0.9096556053681509,0.8999999999999999,0.9326923076923077,0.9124685753187577,feature_only:0.30;symbolic_only:0.10;transformer_fused:0.35;transformer_only:0.15,v5_ensemble
v2_stacking_probe::state_002_t2::stack_block3_on_block2,v2_stacking_probe,stack_block3_on_block2,state_002_t2,missing_precondition_bt,missing_precondition_bt,0.0,52.75409,52.75409,0.0,0.9315384615384615,0.8999999999999999,0.9326923076923077,1.0,feature_only:0.30;symbolic_only:0.10;transformer_fused:0.35;transformer_only:0.15,v5_ensemble
v2_stacking_probe::state_003_t3::place_block3_on_block5,v2_stacking_probe,place_block3_on_block5,state_003_t3,missing_precondition_bt,correct_bt,1.0,152.95591,152.98246,0.026550000000014506,0.8475884584536485,0.7999999999999999,0.7941176470588235,0.9950597161675351,feature_only:0.30;transformer_fused:0.35;transformer_only:0.15,v5_ensemble
v2_stacking_probe::state_003_t3::place_block1_on_block5,v2_stacking_probe,place_block1_on_block5,state_003_t3,missing_precondition_bt,missing_precondition_bt,1.0,152.9511,152.9511,0.0,0.8475919198362515,0.7999999999999999,0.7941176470588235,0.9950735616979468,feature_only:0.30;transformer_fused:0.35;transformer_only:0.15,v5_ensemble
v2_stacking_probe::state_003_t3::place_block2_on_block6,v2_stacking_probe,place_block2_on_block6,state_003_t3,missing_precondition_bt,missing_precondition_bt,1.0,154.298035,154.298035,0.0,0.9315384615384615,0.8999999999999999,0.9326923076923077,1.0,feature_only:0.30;symbolic_only:0.10;transformer_fused:0.35;transformer_only:0.15,v5_ensemble
v2_stacking_probe::state_003_t3::stack_block3_on_block1,v2_stacking_probe,stack_block3_on_block1,state_003_t3,missing_precondition_bt,missing_precondition_bt,0.0,52.62147000000001,52.62147000000001,0.0,0.9242189181177282,0.8999999999999999,0.9326923076923077,0.9707218263170666,feature_only:0.30;symbolic_only:0.10;transformer_fused:0.35;transformer_only:0.15,v5_ensemble
v2_stacking_probe::state_003_t3::stack_block1_on_block3,v2_stacking_probe,stack_block1_on_block3,state_003_t3,missing_precondition_bt,missing_precondition_bt,0.0,52.899449999999995,52.899449999999995,0.0,0.7390384615384615,0.5499999999999999,0.9326923076923077,1.0,feature_only:0.30;symbolic_only:0.10;transformer_only:0.15,v5_ensemble
v2_stacking_probe::state_003_t3::stack_block2_on_block1,v2_stacking_probe,stack_block2_on_block1,state_003_t3,missing_precondition_bt,missing_precondition_bt,0.0,53.440715000000004,53.440715000000004,0.0,0.9315384615384615,0.8999999999999999,0.9326923076923077,1.0,feature_only:0.30;symbolic_only:0.10;transformer_fused:0.35;transformer_only:0.15,v5_ensemble
v2_stacking_probe::state_003_t3::stack_block4_on_block1,v2_stacking_probe,stack_block4_on_block1,state_003_t3,missing_precondition_bt,correct_bt,0.0,52.00723999999999,52.184525,0.1772850000000119,0.9037102826748691,0.8999999999999999,0.9326923076923077,0.8886872845456302,feature_only:0.30;symbolic_only:0.10;transformer_fused:0.35;transformer_only:0.15,v5_ensemble
v2_stacking_probe::state_003_t3::stack_block3_on_block2,v2_stacking_probe,stack_block3_on_block2,state_003_t3,missing_precondition_bt,correct_bt,0.0,52.062734999999996,52.47686000000001,0.41412500000001273,0.902232181619046,0.8999999999999999,0.9326923076923077,0.8827748803223378,feature_only:0.30;symbolic_only:0.10;transformer_fused:0.35;transformer_only:0.15,v5_ensemble
v2_stacking_probe::state_004_t4::place_block3_on_block5,v2_stacking_probe,place_block3_on_block5,state_004_t4,missing_precondition_bt,missing_precondition_bt,1.0,152.93769999999998,152.93769999999998,0.0,0.8480631869752231,0.7999999999999999,0.7941176470588235,0.9969586302538335,feature_only:0.30;transformer_fused:0.35;transformer_only:0.15,v5_ensemble
v2_stacking_probe::state_004_t4::place_block1_on_block5,v2_stacking_probe,place_block1_on_block5,state_004_t4,missing_precondition_bt,missing_precondition_bt,1.0,153.72714,153.72714,0.0,0.8488235294117648,0.7999999999999999,0.7941176470588235,1.0,feature_only:0.30;transformer_fused:0.35;transformer_only:0.15,v5_ensemble
v2_stacking_probe::state_004_t4::place_block2_on_block6,v2_stacking_probe,place_block2_on_block6,state_004_t4,missing_precondition_bt,missing_precondition_bt,1.0,153.55688,153.55688,0.0,0.7379981580779679,0.5499999999999999,0.9326923076923077,0.9958387861580253,feature_only:0.30;symbolic_only:0.10;transformer_only:0.15,v5_ensemble
v2_stacking_probe::state_004_t4::stack_block3_on_block1,v2_stacking_probe,stack_block3_on_block1,state_004_t4,missing_precondition_bt,missing_precondition_bt,0.0,52.81371000000001,52.81371000000001,0.0,0.9315384615384615,0.8999999999999999,0.9326923076923077,1.0,feature_only:0.30;symbolic_only:0.10;transformer_fused:0.35;transformer_only:0.15,v5_ensemble
v2_stacking_probe::state_004_t4::stack_block1_on_block3,v2_stacking_probe,stack_block1_on_block3,state_004_t4,missing_precondition_bt,correct_bt,0.0,52.168195000000004,52.332585,0.16438999999999737,0.9072042916596654,0.8999999999999999,0.9326923076923077,0.9026633204848153,feature_only:0.30;symbolic_only:0.10;transformer_fused:0.35;transformer_only:0.15,v5_ensemble
v2_stacking_probe::state_004_t4::stack_block2_on_block1,v2_stacking_probe,stack_block2_on_block1,state_004_t4,missing_precondition_bt,missing_precondition_bt,0.0,52.99184499999999,52.99184499999999,0.0,0.9315384615384615,0.8999999999999999,0.9326923076923077,1.0,feature_only:0.30;symbolic_only:0.10;transformer_fused:0.35;transformer_only:0.15,v5_ensemble
v2_stacking_probe::state_004_t4::stack_block4_on_block1,v2_stacking_probe,stack_block4_on_block1,state_004_t4,missing_precondition_bt,missing_precondition_bt,0.0,52.53132,52.53132,0.0,0.728734240921938,0.5499999999999999,0.9326923076923077,0.9587831175339055,feature_only:0.30;symbolic_only:0.10;transformer_only:0.15,v5_ensemble
v2_stacking_probe::state_004_t4::stack_block3_on_block2,v2_stacking_probe,stack_block3_on_block2,state_004_t4,missing_precondition_bt,missing_precondition_bt,0.0,52.53896500000001,52.53896500000001,0.0,0.7153747644337844,0.5499999999999999,0.9326923076923077,0.9053452115812918,feature_only:0.30;symbolic_only:0.10;transformer_only:0.15,v5_ensemble
v2b_physical_strategy::state_000_t0::place_block3_on_block5,v2b_physical_strategy,place_block3_on_block5,state_000_t0,corner_place_bt,center_place_bt,1.0,153.883435,154.540805,0.6573700000000144,0.6884335742253773,0.7999999999999999,0.0,0.9937342969015094,feature_only:0.30;transformer_fused:0.35;transformer_only:0.15,v5_ensemble
v2b_physical_strategy::state_000_t0::place_block1_on_block5,v2b_physical_strategy,place_block1_on_block5,state_000_t0,center_place_bt,edge_place_bt,1.0,154.20743,154.814875,0.6074450000000127,0.49605097752869565,0.44999999999999996,0.0,0.9942039101147827,feature_only:0.30;transformer_only:0.15,v5_ensemble
v2b_physical_strategy::state_000_t0::stack_block1_on_block3,v2b_physical_strategy,stack_block1_on_block3,state_000_t0,far_offset_bt,corner_place_bt,0.0,53.61659500000001,53.63685,0.020254999999991696,0.438021638962957,0.35,0.0,0.9820865558518278,transformer_fused:0.35,v5_ensemble
v2b_physical_strategy::state_000_t0::stack_block3_on_block1,v2b_physical_strategy,stack_block3_on_block1,state_000_t0,correct_bt,correct_bt,0.0,55.07473500000001,55.07473500000001,0.0,0.5249999999999999,0.49999999999999994,0.0,1.0,shortest_tree:0.05;symbolic_only:0.10;transformer_fused:0.35,v5_ensemble
v2b_physical_strategy::state_001_t1::place_block3_on_block5,v2b_physical_strategy,place_block3_on_block5,state_001_t1,center_place_bt,center_place_bt,1.0,153.143105,153.143105,0.0,0.69,0.7999999999999999,0.0,1.0,feature_only:0.30;transformer_fused:0.35;transformer_only:0.15,v5_ensemble
v2b_physical_strategy::state_001_t1::place_block1_on_block5,v2b_physical_strategy,place_block1_on_block5,state_001_t1,edge_place_bt,corner_place_bt,1.0,152.945465,153.23799,0.2925249999999835,0.4417976954856603,0.35,0.0,0.997190781942641,transformer_fused:0.35,v5_ensemble
v2b_physical_strategy::state_001_t1::stack_block1_on_block3,v2b_physical_strategy,stack_block1_on_block3,state_001_t1,corner_place_bt,far_offset_bt,0.0,51.64182499999999,52.62006,0.9782350000000122,0.44,0.7999999999999999,0.0,0.0,feature_only:0.30;transformer_fused:0.35;transformer_only:0.15,v5_ensemble
v2b_physical_strategy::state_001_t1::stack_block3_on_block1,v2b_physical_strategy,stack_block3_on_block1,state_001_t1,center_place_bt,far_offset_bt,0.0,51.986354999999996,53.114084999999996,1.1277299999999997,0.2817400101018217,0.44999999999999996,0.0,0.13696004040728682,feature_only:0.30;transformer_only:0.15,v5_ensemble
v2b_physical_strategy::state_002_t2::place_block3_on_block5,v2b_physical_strategy,place_block3_on_block5,state_002_t2,center_place_bt,center_place_bt,1.0,153.321175,153.321175,0.0,0.6074999999999999,0.6499999999999999,0.0,1.0,feature_only:0.30;transformer_fused:0.35,v5_ensemble
v2b_physical_strategy::state_002_t2::place_block1_on_block5,v2b_physical_strategy,place_block1_on_block5,state_002_t2,corner_place_bt,edge_place_bt,1.0,152.191105,153.22376,1.0326550000000054,0.49502754523697595,0.44999999999999996,0.0,0.9901101809479038,feature_only:0.30;transformer_only:0.15,v5_ensemble
v2b_physical_strategy::state_002_t2::stack_block1_on_block3,v2b_physical_strategy,stack_block1_on_block3,state_002_t2,over_edge_bt,over_edge_bt,1.0,153.20096,153.20096,0.0,0.6074999999999999,0.6499999999999999,0.0,1.0,feature_only:0.30;transformer_fused:0.35,v5_ensemble
v2b_physical_strategy::state_002_t2::stack_block3_on_block1,v2b_physical_strategy,stack_block3_on_block1,state_002_t2,corner_place_bt,correct_bt,0.0,52.021589999999996,52.46297499999999,0.4413849999999968,0.3674804993578339,0.44999999999999996,0.0,0.4799219974313356,feature_only:0.30;transformer_only:0.15,v5_ensemble
v2b_physical_strategy::state_003_t3::place_block3_on_block5,v2b_physical_strategy,place_block3_on_block5,state_003_t3,corner_place_bt,corner_place_bt,1.0,152.451895,152.451895,0.0,0.4975,0.44999999999999996,0.0,1.0,feature_only:0.30;transformer_only:0.15,v5_ensemble
v2b_physical_strategy::state_003_t3::place_block1_on_block5,v2b_physical_strategy,place_block1_on_block5,state_003_t3,center_place_bt,edge_place_bt,1.0,152.998225,153.30749999999998,0.3092749999999853,0.49676012712584117,0.44999999999999996,0.0,0.9970405085033648,feature_only:0.30;transformer_only:0.15,v5_ensemble
v2b_physical_strategy::state_003_t3::stack_block1_on_block3,v2b_physical_strategy,stack_block1_on_block3,state_003_t3,edge_place_bt,corner_place_bt,0.0,51.83484000000001,52.24962,0.41477999999999327,0.4186014986258275,0.35,0.0,0.90440599450331,transformer_fused:0.35,v5_ensemble
v2b_physical_strategy::state_003_t3::stack_block3_on_block1,v2b_physical_strategy,stack_block3_on_block1,state_003_t3,center_place_bt,edge_place_bt,0.0,51.86017999999999,52.101045000000006,0.24086500000001365,0.4036240636375684,0.44999999999999996,0.0,0.6244962545502736,feature_only:0.30;transformer_only:0.15,v5_ensemble
v2b_physical_strategy::state_004_t4::place_block3_on_block5,v2b_physical_strategy,place_block3_on_block5,state_004_t4,center_place_bt,center_place_bt,1.0,153.242075,153.242075,0.0,0.69,0.7999999999999999,0.0,1.0,feature_only:0.30;transformer_fused:0.35;transformer_only:0.15,v5_ensemble
v2b_physical_strategy::state_004_t4::place_block1_on_block5,v2b_physical_strategy,place_block1_on_block5,state_004_t4,corner_place_bt,center_place_bt,1.0,152.69662499999998,153.324175,0.6275500000000136,0.4960025450649106,0.44999999999999996,0.0,0.9940101802596424,feature_only:0.30;transformer_only:0.15,v5_ensemble
v2b_physical_strategy::state_004_t4::stack_block1_on_block3,v2b_physical_strategy,stack_block1_on_block3,state_004_t4,corner_place_bt,center_place_bt,0.0,51.590714999999996,52.01614,0.42542500000000416,0.6595219802814358,0.7999999999999999,0.0,0.8780879211257433,feature_only:0.30;transformer_fused:0.35;transformer_only:0.15,v5_ensemble
v2b_physical_strategy::state_004_t4::stack_block3_on_block1,v2b_physical_strategy,stack_block3_on_block1,state_004_t4,center_place_bt,corner_place_bt,0.0,52.159715,52.45388500000001,0.29417000000000826,0.5380898342197287,0.6499999999999999,0.0,0.7223593368789145,feature_only:0.30;transformer_fused:0.35,v5_ensemble
v6_hard_cases::state_000_t0::hard_physical_place_block3_on_block5,v6_hard_cases,hard_physical_place_block3_on_block5,state_000_t0,missing_precondition_bt,stable_center_bt,1.0,154.14745,154.74573,0.5982800000000168,0.7698585870764132,0.95,0.0,0.9894343483056529,feature_only:0.30;shortest_tree:0.05;symbolic_only:0.10;transformer_fused:0.35;transformer_only:0.15,v5_ensemble
v6_hard_cases::state_000_t0::hard_physical_place_block1_on_block5,v6_hard_cases,hard_physical_place_block1_on_block5,state_000_t0,missing_precondition_bt,missing_precondition_bt,1.0,153.88338,153.88338,0.0,0.7715857689008073,0.95,0.0,0.9963430756032294,feature_only:0.30;shortest_tree:0.05;symbolic_only:0.10;transformer_fused:0.35;transformer_only:0.15,v5_ensemble
v6_hard_cases::state_000_t0::long_horizon_clear_then_stack_block2_on_block3,v6_hard_cases,long_horizon_clear_then_stack_block2_on_block3,state_000_t0,missing_clear_bt,missing_clear_bt,0.0,54.919335,54.919335,0.0,0.943041836881395,0.95,0.8823529411764706,0.9762849945844035,feature_only:0.30;shortest_tree:0.05;symbolic_only:0.10;transformer_fused:0.35;transformer_only:0.15,v5_ensemble
v6_hard_cases::state_000_t0::long_horizon_prepare_then_stack_block1_on_block3,v6_hard_cases,long_horizon_prepare_then_stack_block1_on_block3,state_000_t0,missing_clear_bt,missing_clear_bt,0.0,54.544755,54.544755,0.0,0.9424029304552086,0.95,0.8823529411764706,0.9737293688796579,feature_only:0.30;shortest_tree:0.05;symbolic_only:0.10;transformer_fused:0.35;transformer_only:0.15,v5_ensemble
v6_hard_cases::state_000_t0::constrained_support_block3_on_block1,v6_hard_cases,constrained_support_block3_on_block1,state_000_t0,narrow_edge_bt,narrow_edge_bt,1.0,153.41038,153.41038,0.0,0.6074999999999999,0.6499999999999999,0.0,1.0,feature_only:0.30;transformer_fused:0.35,v5_ensemble
v6_hard_cases::state_000_t0::constrained_support_block1_on_block3,v6_hard_cases,constrained_support_block1_on_block3,state_000_t0,symbolic_edge_bt,symbolic_edge_bt,1.0,154.29199,154.29199,0.0,0.6074999999999999,0.6499999999999999,0.0,1.0,feature_only:0.30;transformer_fused:0.35,v5_ensemble
v6_hard_cases::state_001_t1::hard_physical_place_block3_on_block5,v6_hard_cases,hard_physical_place_block3_on_block5,state_001_t1,symbolic_corner_bt,missing_precondition_bt,1.0,152.68579499999998,153.07773,0.3919350000000179,0.6423385382457943,0.35,1.0,0.9993541529831773,transformer_fused:0.35,v5_ensemble
v6_hard_cases::state_001_t1::hard_physical_place_block1_on_block5,v6_hard_cases,hard_physical_place_block1_on_block5,state_001_t1,missing_precondition_bt,symbolic_corner_bt,1.0,153.022525,153.21776499999999,0.1952399999999841,0.7708303436388335,0.95,0.0,0.9933213745553344,feature_only:0.30;shortest_tree:0.05;symbolic_only:0.10;transformer_fused:0.35;transformer_only:0.15,v5_ensemble
v6_hard_cases::state_001_t1::long_horizon_clear_then_stack_block2_on_block3,v6_hard_cases,long_horizon_clear_then_stack_block2_on_block3,state_001_t1,missing_clear_bt,redundant_repair_bt,0.0,55.49531500000001,148.40567,92.91035499999998,0.7189014119981552,0.95,0.8823529411764706,0.07972329505144404,feature_only:0.30;shortest_tree:0.05;symbolic_only:0.10;transformer_fused:0.35;transformer_only:0.15,v5_ensemble
v6_hard_cases::state_001_t1::long_horizon_prepare_then_stack_block1_on_block3,v6_hard_cases,long_horizon_prepare_then_stack_block1_on_block3,state_001_t1,missing_clear_bt,missing_clear_bt,0.0,52.64051000000001,52.64051000000001,0.0,0.9008494924471061,0.95,0.8823529411764706,0.8075156168472479,feature_only:0.30;shortest_tree:0.05;symbolic_only:0.10;transformer_fused:0.35;transformer_only:0.15,v5_ensemble
v6_hard_cases::state_001_t1::constrained_support_block3_on_block1,v6_hard_cases,constrained_support_block3_on_block1,state_001_t1,collision_risk_bt,unstable_over_edge_bt,0.0,51.78182,52.45047499999999,0.6686549999999869,0.4650729755981188,0.6499999999999999,0.0,0.4302919023924751,feature_only:0.30;transformer_fused:0.35,v5_ensemble
v6_hard_cases::state_001_t1::constrained_support_block1_on_block3,v6_hard_cases,constrained_support_block1_on_block3,state_001_t1,narrow_edge_bt,narrow_edge_bt,0.0,52.61045500000001,52.61045500000001,0.0,0.4975,0.44999999999999996,0.0,1.0,feature_only:0.30;transformer_only:0.15,v5_ensemble
v6_hard_cases::state_002_t2::hard_physical_place_block3_on_block5,v6_hard_cases,hard_physical_place_block3_on_block5,state_002_t2,missing_precondition_bt,symbolic_corner_bt,1.0,152.84382499999998,153.00847499999998,0.16464999999999463,0.7708979830856515,0.95,0.0,0.9935919323426062,feature_only:0.30;shortest_tree:0.05;symbolic_only:0.10;transformer_fused:0.35;transformer_only:0.15,v5_ensemble
v6_hard_cases::state_002_t2::hard_physical_place_block1_on_block5,v6_hard_cases,hard_physical_place_block1_on_block5,state_002_t2,missing_precondition_bt,missing_precondition_bt,1.0,153.714465,153.714465,0.0,0.7725,0.95,0.0,1.0,feature_only:0.30;shortest_tree:0.05;symbolic_only:0.10;transformer_fused:0.35;transformer_only:0.15,v5_ensemble
v6_hard_cases::state_002_t2::long_horizon_clear_then_stack_block2_on_block3,v6_hard_cases,long_horizon_clear_then_stack_block2_on_block3,state_002_t2,missing_clear_bt,missing_clear_bt,0.0,53.86810499999999,53.86810499999999,0.0,0.9221868645653694,0.95,0.8823529411764706,0.8928651053203011,feature_only:0.30;shortest_tree:0.05;symbolic_only:0.10;transformer_fused:0.35;transformer_only:0.15,v5_ensemble
v6_hard_cases::state_002_t2::long_horizon_prepare_then_stack_block1_on_block3,v6_hard_cases,long_horizon_prepare_then_stack_block1_on_block3,state_002_t2,missing_clear_bt,missing_clear_bt,0.0,53.35887,53.35887,0.0,0.9272035854537037,0.95,0.8823529411764706,0.9129319888736384,feature_only:0.30;shortest_tree:0.05;symbolic_only:0.10;transformer_fused:0.35;transformer_only:0.15,v5_ensemble
v6_hard_cases::state_002_t2::constrained_support_block3_on_block1,v6_hard_cases,constrained_support_block3_on_block1,state_002_t2,narrow_edge_bt,stable_center_bt,0.0,52.152319999999996,52.263725,0.11140500000000486,0.4682849934964126,0.44999999999999996,0.0,0.8831399739856504,feature_only:0.30;transformer_only:0.15,v5_ensemble
v6_hard_cases::state_002_t2::constrained_support_block1_on_block3,v6_hard_cases,constrained_support_block1_on_block3,state_002_t2,symbolic_edge_bt,symbolic_edge_bt,0.0,52.58233500000001,52.58233500000001,0.0,0.25,0.0,0.0,1.0,,v5_ensemble
v6_hard_cases::state_003_t3::hard_physical_place_block3_on_block5,v6_hard_cases,hard_physical_place_block3_on_block5,state_003_t3,missing_precondition_bt,symbolic_edge_bt,1.0,152.82226500000002,152.841875,0.019609999999971706,0.7712480168279106,0.95,0.0,0.9949920673116425,feature_only:0.30;shortest_tree:0.05;symbolic_only:0.10;transformer_fused:0.35;transformer_only:0.15,v5_ensemble
v6_hard_cases::state_003_t3::hard_physical_place_block1_on_block5,v6_hard_cases,hard_physical_place_block1_on_block5,state_003_t3,missing_precondition_bt,missing_precondition_bt,1.0,153.120195,153.120195,0.0,0.7723805956487387,0.95,0.0,0.999522382594955,feature_only:0.30;shortest_tree:0.05;symbolic_only:0.10;transformer_fused:0.35;transformer_only:0.15,v5_ensemble
v6_hard_cases::state_003_t3::long_horizon_clear_then_stack_block2_on_block3,v6_hard_cases,long_horizon_clear_then_stack_block2_on_block3,state_003_t3,missing_clear_bt,missing_clear_bt,0.0,53.26143,53.26143,0.0,0.7062517230270803,0.6,0.8823529411764706,0.7991245391671448,feature_only:0.30;shortest_tree:0.05;symbolic_only:0.10;transformer_only:0.15,v5_ensemble
v6_hard_cases::state_003_t3::long_horizon_prepare_then_stack_block1_on_block3,v6_hard_cases,long_horizon_prepare_then_stack_block1_on_block3,state_003_t3,missing_clear_bt,missing_clear_bt,0.0,53.087435000000006,53.087435000000006,0.0,0.9206711117319168,0.95,0.8823529411764706,0.8868020939864907,feature_only:0.30;shortest_tree:0.05;symbolic_only:0.10;transformer_fused:0.35;transformer_only:0.15,v5_ensemble
v6_hard_cases::state_003_t3::constrained_support_block3_on_block1,v6_hard_cases,constrained_support_block3_on_block1,state_003_t3,collision_risk_bt,symbolic_edge_bt,0.0,52.253350000000005,52.29543,0.04207999999999856,0.4286279603354606,0.35,0.0,0.9445118413418424,transformer_fused:0.35,v5_ensemble
v6_hard_cases::state_003_t3::constrained_support_block1_on_block3,v6_hard_cases,constrained_support_block1_on_block3,state_003_t3,narrow_edge_bt,collision_risk_bt,0.0,51.180805,52.58169999999999,1.4008949999999913,0.4240193691836587,0.44999999999999996,0.0,0.7060774767346347,feature_only:0.30;transformer_only:0.15,v5_ensemble
v6_hard_cases::state_004_t4::hard_physical_place_block3_on_block5,v6_hard_cases,hard_physical_place_block3_on_block5,state_004_t4,missing_precondition_bt,missing_precondition_bt,1.0,153.079045,153.079045,0.0,0.7716118568948651,0.95,0.0,0.9964474275794606,feature_only:0.30;shortest_tree:0.05;symbolic_only:0.10;transformer_fused:0.35;transformer_only:0.15,v5_ensemble
v6_hard_cases::state_004_t4::hard_physical_place_block1_on_block5,v6_hard_cases,hard_physical_place_block1_on_block5,state_004_t4,missing_precondition_bt,missing_precondition_bt,1.0,153.37038,153.37038,0.0,0.771862402273028,0.95,0.0,0.9974496090921121,feature_only:0.30;shortest_tree:0.05;symbolic_only:0.10;transformer_fused:0.35;transformer_only:0.15,v5_ensemble
v6_hard_cases::state_004_t4::long_horizon_clear_then_stack_block2_on_block3,v6_hard_cases,long_horizon_clear_then_stack_block2_on_block3,state_004_t4,missing_clear_bt,missing_clear_bt,0.0,53.30113000000001,53.30113000000001,0.0,0.9136950223317529,0.95,0.8823529411764706,0.8588977363858351,feature_only:0.30;shortest_tree:0.05;symbolic_only:0.10;transformer_fused:0.35;transformer_only:0.15,v5_ensemble
v6_hard_cases::state_004_t4::long_horizon_prepare_then_stack_block1_on_block3,v6_hard_cases,long_horizon_prepare_then_stack_block1_on_block3,state_004_t4,missing_clear_bt,missing_clear_bt,0.0,53.17444000000001,53.17444000000001,0.0,0.927628702488313,0.95,0.8823529411764706,0.9146324570120755,feature_only:0.30;shortest_tree:0.05;symbolic_only:0.10;transformer_fused:0.35;transformer_only:0.15,v5_ensemble
v6_hard_cases::state_004_t4::constrained_support_block3_on_block1,v6_hard_cases,constrained_support_block3_on_block1,state_004_t4,narrow_edge_bt,narrow_edge_bt,0.0,52.040005,52.040005,0.0,0.41500000000000004,0.3,0.0,1.0,feature_only:0.30,v5_ensemble
v6_hard_cases::state_004_t4::constrained_support_block1_on_block3,v6_hard_cases,constrained_support_block1_on_block3,state_004_t4,narrow_edge_bt,symbolic_edge_bt,0.0,51.878040000000006,52.42930500000001,0.5512650000000008,0.4630022115531437,0.44999999999999996,0.0,0.8620088462125747,feature_only:0.30;transformer_only:0.15,v5_ensemble
