selector,feature,weight
v5_learned_full,vote_feature_only,0.4268227494147918
v5_learned_full,vote_transformer_fused,0.7835498616853893
v5_learned_full,vote_transformer_only,0.42279626158037004
v5_learned_full,vote_symbolic_only,0.5787231366867082
v5_learned_full,vote_shortest_tree,0.021577717428458397
v5_learned_full,symbolic_reliability_norm,0.7422060074598272
v5_learned_full,simulation_reliability_norm,8.719712178380771
v5_learned_full,intercept,2.393319483186272e-13
v5_no_transformer_votes,vote_feature_only,1.1198624281348808
v5_no_transformer_votes,vote_symbolic_only,0.6957254485323782
v5_no_transformer_votes,vote_shortest_tree,-0.12143981027741106
v5_no_transformer_votes,symbolic_reliability_norm,0.6511714455505417
v5_no_transformer_votes,simulation_reliability_norm,8.732381823918775
v5_no_transformer_votes,intercept,-1.4274685208529615e-11
v5_no_symbolic_reliability,vote_feature_only,0.377439045451832
v5_no_symbolic_reliability,vote_transformer_fused,0.7656885274525684
v5_no_symbolic_reliability,vote_transformer_only,0.413524686198435
v5_no_symbolic_reliability,vote_symbolic_only,0.6314208635020604
v5_no_symbolic_reliability,vote_shortest_tree,-0.16154192958254673
v5_no_symbolic_reliability,simulation_reliability_norm,8.905209880996487
v5_no_symbolic_reliability,intercept,-5.776922759474169e-15
v5_no_simulation_reliability,vote_feature_only,0.6262031742599904
v5_no_simulation_reliability,vote_transformer_fused,0.8957466341948365
v5_no_simulation_reliability,vote_transformer_only,0.3549584364054993
v5_no_simulation_reliability,vote_symbolic_only,0.8955086768408779
v5_no_simulation_reliability,vote_shortest_tree,0.30305037683983593
v5_no_simulation_reliability,symbolic_reliability_norm,4.146937540084729
v5_no_simulation_reliability,intercept,3.654477471864455e-18
v5_votes_only,vote_feature_only,0.5860667816980478
v5_votes_only,vote_transformer_fused,1.0258917256769087
v5_votes_only,vote_transformer_only,0.15343059575059662
v5_votes_only,vote_symbolic_only,1.6102382499353076
v5_votes_only,vote_shortest_tree,-1.3780506518570916
v5_votes_only,intercept,6.306536808737439e-18
v5_reliability_only,symbolic_reliability_norm,0.3269303271609353
v5_reliability_only,simulation_reliability_norm,8.609839306181488
v5_reliability_only,intercept,0.0
