selector,source,groups,success,mean_selected_true_score,mean_regret
v5_learned_full,learned_v5,30,0.43333333333333335,96.33720783333334,0.04867616666666521
v5_no_transformer_votes,learned_v5,30,0.43333333333333335,96.26280683333333,0.1230771666666655
v5_no_symbolic_reliability,learned_v5,30,0.43333333333333335,94.03523216666666,2.350651833333331
v5_no_simulation_reliability,learned_v5,30,0.4,93.08761866666667,3.2982653333333327
v5_votes_only,learned_v5,30,0.4,92.93666283333332,3.449221166666666
v5_reliability_only,learned_v5,30,0.43333333333333335,84.33802083333332,12.04786316666667
feature_only,learned_v5,30,0.4,93.13020566666665,3.2556783333333312
transformer_fused,learned_v5,30,0.4,92.93666283333332,3.449221166666666
transformer_only,learned_v5,30,0.3333333333333333,86.45606700000002,9.929816999999998
manual_v5,learned_v5,30,0.4,93.15073833333332,3.235145666666665
symbolic_only,learned_v5,30,0.3333333333333333,86.435199,9.950684999999998
shortest_tree,learned_v5,30,0.3333333333333333,86.435199,9.950684999999998
oracle,learned_v5,30,0.43333333333333335,96.38588399999999,0.0
