source,selector,groups,success,mean_selected_true_score,mean_regret,pairwise_accuracy,pairwise_roc_auc
V5 manual ensemble,feature_only,110,0.5,103.14054809090908,1.0102685909090916,0.8103030303030303,0.926294214876033
V5 manual ensemble,transformer_only,110,0.4545454545454545,98.58792340909088,5.562893272727273,0.816969696969697,0.9182494031221304
V5 manual ensemble,transformer_fused,110,0.4909090909090909,102.19382295454544,1.956993727272727,0.8424242424242424,0.928023507805326
V5 manual ensemble,symbolic_only,110,0.3636363636363636,89.85852413636366,14.292292545454544,,
V5 manual ensemble,shortest_tree,110,0.1818181818181818,37.02508168181818,67.12573499999999,,
V5 manual ensemble,oracle,110,0.509090909090909,104.1508166818182,0.0,,
V5 manual ensemble,v5_ensemble,110,0.5,103.16213640909092,0.9886802727272731,,
V4B transformer,feature_only,110,0.5,103.14054809090908,1.0102685909090916,0.8103030303030303,0.926294214876033
V4B transformer,transformer_only,110,0.45454545454545453,98.58792340909089,5.562893272727273,0.816969696969697,0.9182494031221303
V4B transformer,transformer_fused,110,0.4909090909090909,102.19382295454545,1.956993727272727,0.8424242424242424,0.928023507805326
V4B transformer,symbolic_only,110,0.36363636363636365,89.85852413636366,14.292292545454544,,
V4B transformer,shortest_tree,110,0.18181818181818182,37.02508168181818,67.12573499999999,,
V4B transformer,oracle,110,0.509090909090909,104.1508166818182,0.0,,
V6 hard cases,random_expected,,,,31.009258,,
V6 hard cases,first_candidate,,,,10.060993,,
V6 hard cases,shortest_tree,,,,18.618258,,
V6 hard cases,symbolic_success,,,,18.618258,,
V6 hard cases,rule_based,,,,10.060993,,
V6 hard cases,oracle,,,,0.0,,
learned_v5,v5_learned_full,30,0.43333333333333335,96.33720783333334,0.04867616666666521,,
learned_v5,v5_no_transformer_votes,30,0.43333333333333335,96.26280683333333,0.1230771666666655,,
learned_v5,v5_no_symbolic_reliability,30,0.43333333333333335,94.03523216666666,2.350651833333331,,
learned_v5,v5_no_simulation_reliability,30,0.4,93.08761866666667,3.2982653333333327,,
